,Position in alignment,BHV5 - BHV5,BHV5 - C33,BHV5 - C46,BHV5 - Titanium_IBR_MLV_vaccine,BHV5 - SP1777,BHV5 - K22,BHV5 - B589,BHV5 - Cooper
0.1,100,0,24.95,24.95,24.95,0,0.200000003,0,24.95
0.2,200,0,25,25,25,0,0,0,25
0.3,300,0,25,25,25,0,0,0,25
0.4,400,0,25,25,25,0,0,0,25
0.5,500,0,25,25,25,0,0,0,25
0.6,600,0,25,25,25,0,0,0,25
0.7,700,0,25,25,25,0,0,0,25
0.8,800,0,24.90000001,24.90000001,24.90000001,0,0,0.400000006,24.90000001
0.9,900,0,25,25,25,0,0,0,25
1,1000,0,25,25,25,0,0,0,25
1.1,1100,0,24.95,24.95,24.95,0,0.200000003,0,24.95
1.2,1200,0,25,25,25,0,0,0,25
1.3,1300,0,24.95,24.95,24.95,0,0.200000003,0,24.95
1.4,1400,0,25,25,25,0,0,0,25
1.5,1500,0,24.85000001,24.85000001,24.85000001,0.400000006,0.200000003,0,24.85000001
1.6,1600,0,24.60000002,24.60000002,24.60000002,0.733333349,0.366666675,0.500000015,24.60000002
1.7,1700,0,24.60000002,24.60000002,24.60000002,0.700000018,0,0.900000021,24.60000002
1.8,1800,0,24.55000003,24.55000003,24.55000003,0.900000021,0,0.900000021,24.55000003
1.9,1900,0,23.90000007,23.90000007,23.90000007,1.500000045,0,2.900000066,23.90000007
2,2000,0,24.75000001,24.75000001,24.75000001,0.500000015,0,0.500000015,24.75000001
2.1,2100,0,11.41666667,11.41666667,11.41666667,0.666666672,0,0.666666672,11.41666667
2.2,2200,0,10,10,10,1,0,1,10
2.3,2300,0,10.16666667,10.16666667,10.16666667,0.166666672,0,0.166666672,10.16666667
2.4,2400,0,9.166666672,9.166666672,9.166666672,0.166666672,0,0.166666672,9.166666672
2.5,2500,0,8.892857149,8.892857149,8.892857149,0.142857149,0.142857149,0.142857149,8.892857149
2.6,2600,0,9.25,9.25,9.25,1.5,0,0.5,9.25
2.7,2700,0,10.75,10.75,10.75,1,0,0,10.75
2.8,2800,0,7.5,7.5,7.5,4.5,0.5,1,7.5
2.9,2900,0,24.5261905,24.5261905,24.5261905,1.276190504,0.142857149,0.476190493,24.5261905
3,3000,0,40.28333339,8.116666675,40.28333339,2.533333391,0.666666672,0,8.116666675
3.1,3100,0,12.61666669,3.450000003,12.61666669,0.86666669,0,0,3.450000003
3.2,3200,0,3.200000033,1.033333346,2.700000033,6.200000033,0,0.833333343,1.033333346
3.3,3300,0,3.666666687,0.583333343,3.666666687,3.916666687,0.916666672,0.666666672,0.583333343
3.4,3400,0,0,0,0,0,0,0,0
3.5,3500,0,0,0,0,0,0,0,0
3.6,3600,0,0,0,0,1.5,0,0.5,0
3.7,3700,0,0,0,0,0,0,0,0
3.8,3800,0,0,0,0,0,0,0,0
3.9,3900,0,0,0,0,0,0,0,0
4,4000,0,0,0,0,0,0,0,0
4.1,4100,0,0.25,0.25,0.25,0,0,0,0.25
4.2,4200,0,0,0,0,0,0,0,0
4.3,4300,0,2,0,0,0,0,0,0
4.4,4400,0,2,0,0,0,0,0,0
4.5,4500,0,0,0,0,0,0,0,0
4.6,4600,0,0.25,0.25,0.25,0,0,0,0.25
4.7,4700,0,0.366666675,0.366666675,0.366666675,0.366666675,0.166666672,0,0.366666675
4.8,4800,0,0,0,0,3,0,0,0
4.9,4900,0,0,0,0,3.5,0.5,0,0
5,5000,0,0.200000003,0.200000003,0.200000003,14.7,1.5,0,0.200000003
5.1,5100,0,1,1,1,15.33333334,0.333333343,1.333333343,1
5.2,5200,0,0.5,0.5,0.5,9,0,0,0.5
5.3,5300,0,1.200000003,1.200000003,1.200000003,12.2,0,0,1.200000003
5.4,5400,0,1.200000003,1.200000003,1.200000003,8.533333346,0.333333343,1.333333343,1.200000003
5.5,5500,0,0.666666672,0.666666672,0.666666672,0.166666672,0,0.166666672,0.666666672
5.6,5600,0,1.416666672,1.416666672,1.416666672,2.166666672,0,2.166666672,1.416666672
5.7,5700,0,1.416666672,1.416666672,1.416666672,0.166666672,0,0.166666672,1.416666672
5.8,5800,0,2.5,2.5,2.5,0.5,0,0.5,2.5
5.9,5900,0,0.5,0.5,0.5,0,0,0,0.5
6,6000,0,0.5,0.5,0.5,0,0,2,0.5
6.1,6100,0,0.5,0.5,0.5,0,0,1,0.5
6.2,6200,0,0.5,0.5,0.5,0,0,0,0.5
6.3,6300,0,3,3,3,0,0,0,3
6.4,6400,0,4.75,4.75,4.75,0,0,0,4.75
6.5,6500,0,4,4,4,0,0,0,4
6.6,6600,0,3.25,3.25,3.25,0,0,0,3.25
6.7,6700,0,3,3,3,0,0,0,3
6.8,6800,0,25,25,25,0,0,0,25
6.9,6900,0,25,25,25,0,0,0,25
7,7000,0,25,25,25,0,0,0,25
7.1,7100,0,25,25,25,0,0,0,25
7.2,7200,0,25,25,25,0,0,0,25
7.3,7300,0,25,25,25,0,0,0,25
7.4,7400,0,24.95,24.95,24.95,0,0,0.200000003,24.95
7.5,7500,0,24.95,24.95,24.95,0,0,0.200000003,24.95
7.6,7600,0,24.95,24.95,24.95,0,0.200000003,0,24.95
7.7,7700,0,24.95,24.95,24.95,0,0.200000003,0,24.95
7.8,7800,0,24.95,24.95,24.95,0,0.200000003,0,24.95
7.9,7900,0,25,25,25,0,0,0,25
8,8000,0,3.25,12.25000027,12.25000027,0,0,0,12.25000027
8.1,8100,0,0.25,2.583333403,2.583333403,0,1,0,2.583333403
8.2,8200,0,1,3.666666746,3.666666746,0,0,0,3.666666746
8.3,8300,0,1.75,4.416666746,4.416666746,0,0,1,4.416666746
8.4,8400,0,0.25,0.25,0.25,0,0,0,0.25
8.5,8500,0,1.5,2.833333373,2.833333373,0,0,0,2.833333373
8.6,8600,0,0.75,2.416666716,2.416666716,0,0,0,2.416666716
8.7,8700,0,0.5,2.833333403,2.833333403,0,0,0,2.833333403
8.8,8800,0,3,3,3,0,0,1,3
8.9,8900,0,7.5,7.5,7.5,0,0,0,7.5
9,9000,0,9.216666684,9.216666684,9.216666684,0.200000003,0.166666672,0.766666681,9.216666684
9.1,9100,0,8.150000006,8.150000006,8.150000006,0,0.400000006,0,8.150000006
9.2,9200,0,24.30952385,24.30952385,24.30952385,0.509523824,1.709523842,0.542857155,24.30952385
9.3,9300,0,24.25000004,24.25000004,24.25000004,1.900000036,1.100000024,0,24.25000004
9.4,9400,0,24.28333338,24.28333338,24.28333338,1.63333337,1.233333364,0,24.28333338
9.5,9500,0,23.98333339,23.98333339,23.98333339,0.666666687,3.033333391,0.366666675,23.98333339
9.6,9600,0,9.583333358,9.583333358,9.583333358,0.833333358,0.833333358,0,9.583333358
9.7,9700,0,9.583333343,9.583333343,9.583333343,0.333333343,0.333333343,0,9.583333343
9.8,9800,0,8.176190495,8.176190495,8.176190495,0.476190493,0.476190493,0.342857152,8.176190495
9.9,9900,0,9,9,9,0,0,0,9
10,10000,0,8.5,8.5,8.5,0,0,0,8.5
10.1,10100,0,10.75,10.75,10.75,0,0,0,10.75
10.2,10200,0,9.5,9.5,9.5,0,0,0,9.5
10.3,10300,0,9.75,9.75,9.75,0,0,0,9.75
10.4,10400,0,25,25,25,0,0,0,25
10.5,10500,0,25,25,25,0,0,0,25
10.6,10600,0,25,25,25,0,0,0,25
10.7,10700,0,25,25,25,0,0,0,25
10.8,10800,0,24.66666669,24.66666669,24.66666669,0.966666684,0.200000003,0.166666672,24.66666669
10.9,10900,0,23.85000007,23.85000007,23.85000007,3.300000057,0.966666684,0.333333343,23.85000007
11,11000,0,23.87619054,23.87619054,23.87619054,1.576190516,2.776190534,0.142857149,23.87619054
11.1,11100,0,24.75952382,24.75952382,24.75952382,0.509523824,0.309523821,0.142857149,24.75952382
11.2,11200,0,24.70952383,24.70952383,24.70952383,0.709523827,0.309523821,0.142857149,24.70952383
11.3,11300,0,24.81666668,24.81666668,24.81666668,0.200000003,0.366666675,0.166666672,24.81666668
11.4,11400,0,24.20000005,24.20000005,24.20000005,0.333333343,2.700000048,0.166666672,24.20000005
11.5,11500,0,24.33333337,24.33333337,24.33333337,0,2.333333373,0.333333343,24.33333337
11.6,11600,0,24.07619053,24.07619053,24.07619053,0.142857149,2.576190531,0.976190507,24.07619053
11.7,11700,0,24.28333338,24.28333338,24.28333338,0,2.533333376,0.333333343,24.28333338
11.8,11800,0,24.18333338,24.18333338,24.18333338,0.166666672,2.933333382,0.166666672,24.18333338
11.9,11900,0.166666672,19.67619079,19.67619079,19.67619079,0.642857164,19.67619079,0.809523836,19.67619079
12,12000,0.400000006,24.13333338,24.13333338,24.13333338,0,2.733333379,0.333333343,24.13333338
12.1,12100,17.36666667,7.11666669,7.11666669,7.11666669,0,12.16666669,0,7.11666669
12.2,12200,23.60000001,7.850000009,7.850000009,7.850000009,0,0,0,7.850000009
12.3,12300,18.60000001,9.600000009,9.600000009,9.600000009,0,1,0,9.600000009
12.4,12400,61.60000001,3.850000009,3.850000009,3.850000009,0,1,0,3.850000009
12.5,12500,6,0,0,0,0,0,0,0
12.6,12600,11,0,0,0,0,0,0,0
12.7,12700,9,0,0,0,0,0,0,0
12.8,12800,0,0.5,0.5,0.5,0,0,0,0.5
12.9,12900,0,0,0,0,0,0,0,0
13,13000,0,1,0,0,0,0,0,0
13.1,13100,0,1.25,0.25,0.25,0,0,0,0.25
13.2,13200,0,3,0,0,0,0,0,0
13.3,13300,0,63.16666667,12.16666667,12.16666667,0,0.166666672,0.166666672,12.16666667
13.4,13400,0,66.25,11.25,11.25,0,0,0,11.25
13.5,13500,0.200000003,71.45,9.450000003,9.450000003,0,0,0,9.450000003
13.6,13600,0,25,25,25,0,0,0,25
13.7,13700,0,1,1,1,0,0,0,1
13.8,13800,0,1.25,1.25,1.25,0,0,0,1.25
13.9,13900,0,2.25,2.25,2.25,0,0,0,2.25
14,14000,0.166666672,0.583333343,0.583333343,0.583333343,0,0.333333343,0.166666672,0.583333343
14.1,14100,0.366666675,1.783333346,1.783333346,1.783333346,0,0.333333343,0.166666672,1.783333346
14.2,14200,0,1.700000003,1.700000003,1.700000003,0,0.200000003,0,1.700000003
14.3,14300,0.410714298,1.32738097,1.32738097,1.32738097,0.125,0.57738097,0.57738097,1.32738097
14.4,14400,0,1.619047642,1.619047642,1.619047642,0.285714298,0.619047642,0.619047642,1.619047642
14.5,14500,0.678571448,21.90476207,21.90476207,21.90476207,1.392857194,5.154762074,5.154762074,21.90476207
14.6,14600,0.75,19.75000027,19.75000027,19.75000027,6.750000268,6.750000268,6.750000268,19.75000027
14.7,14700,0.375,23.66071434,23.66071434,23.66071434,1.660714343,1.660714343,1.660714343,23.66071434
14.8,14800,0.809523836,8.261904791,8.261904791,8.261904791,2.928571478,2.928571478,0.285714298,8.261904791
14.9,14900,0,10.30952382,10.30952382,10.30952382,2.642857164,2.642857164,0.476190493,10.30952382
15,15000,0,8.976190493,8.976190493,8.976190493,2.642857179,2.642857179,0.809523836,8.976190493
15.1,15100,0,4.000000015,4.000000015,4.000000015,0.500000015,1.833333358,0.666666687,4.000000015
15.2,15200,0,3.666666672,3.666666672,3.666666672,0.166666672,2.166666672,0,3.666666672
15.3,15300,0,4.083333343,4.083333343,4.083333343,0.166666672,2.333333343,0.166666672,4.083333343
15.4,15400,0,3.900000006,3.900000006,3.900000006,0,3.400000006,1,3.900000006
15.5,15500,0,1,5.783333465,5.783333465,0.5,4.950000003,0.200000003,5.783333465
15.6,15600,0,2.833333343,7.500000134,7.500000134,0,1.333333358,1.333333358,7.500000134
15.7,15700,0,4.250000015,11.78333355,11.78333355,0,1.700000033,1.700000033,11.78333355
15.8,15800,0,1,8.133333534,8.133333534,0,0.800000012,0.800000012,8.133333534
15.9,15900,0,10.83333334,28.70000052,28.70000052,0,1.533333361,1.533333361,28.70000052
16,16000,0,8.016666681,29.51666729,29.51666729,0,2.266666695,1.166666687,29.51666729
16.1,16100,0,10.73333335,29.26666723,29.26666723,0,0.933333352,0.533333346,29.26666723
16.2,16200,0,8,30.66666734,30.66666734,0,0,0,30.66666734
16.3,16300,0,24.91666667,24.91666667,24.91666667,0,0.166666672,0.166666672,24.91666667
16.4,16400,0,10.25,10.25,10.25,0,1,0,10.25
16.5,16500,0,4.25,4.25,4.25,0,1,0,4.25
16.6,16600,0,1.75,1.75,1.75,0,1,0,1.75
16.7,16700,0,2,2,2,0,0,0,2
16.8,16800,0,2.75,2.75,2.75,2,0,0,2.75
16.9,16900,0,1,1,1,1,0,0,1
17,17000,0,0.75,1.75000003,1.75000003,11,0,0,1.75000003
17.1,17100,0,9,0.666666687,0.666666687,6,0,0,0.666666687
17.2,17200,0,8.25,1.916666687,1.916666687,2,0,0,1.916666687
17.3,17300,0,20.75,1.083333343,1.083333343,3,0,0,1.083333343
17.4,17400,0,27.25,4.583333433,4.583333433,0,0,0,4.583333433
17.5,17500,0,20.75,5.416666776,5.416666776,1,0,0,5.416666776
17.6,17600,0,27.75,5.083333462,5.083333462,0,2,0,5.083333462
17.7,17700,0,27,5.000000119,5.000000119,0,1,2,5.000000119
17.8,17800,0,57,2,2,0,0,1,2
17.9,17900,0,7.450000003,7.450000003,7.450000003,0,0,3.200000003,7.450000003
18,18000,0,10.05000001,10.05000001,10.05000001,0.5,0,16.30000001,10.05000001
18.1,18100,0,25,25,25,0,0,0,25
18.2,18200,0,25,25,25,0,0,0,25
18.3,18300,0,25,25,25,0,0,0,25
18.4,18400,0,25,25,25,0,0,0,25
18.5,18500,0,42.75,3.25000006,31.75000006,0,0,0,3.25000006
18.6,18600,0,43.25,3.916666746,25.91666675,0,0,0,3.916666746
18.7,18700,0,43,6.000000149,28.00000015,0,0,3,6.000000149
18.8,18800,0,38.08333334,3.583333403,30.91666675,0,0,4.833333343,3.583333403
18.9,18900,0,27.3000001,4.383333385,25.38333347,0,0,33.5500001,4.383333385
19,19000,0,15.86666676,4.700000018,13.36666676,0,0,61.36666676,4.700000018
19.1,19100,0,15.0333335,2.700000003,12.0333335,0,0,67.5333335,2.700000003
19.2,19200,0,19.13333343,4.300000027,10.13333343,0,0,62.13333343,4.300000027
19.3,19300,0,20.0000003,20.0000003,20.0000003,0,0,20.0000003,20.0000003
19.4,19400,0,24.40000004,24.40000004,24.40000004,0,0.200000003,2.200000033,24.40000004
19.5,19500,0,24.06666672,24.06666672,24.06666672,0.166666672,1.166666687,2.400000036,24.06666672
19.6,19600,0,24.37619051,24.37619051,24.37619051,0.309523821,0.876190498,1.309523836,24.37619051
19.7,19700,0,68.65000002,8.816666678,8.816666678,0,1.700000018,3.200000018,8.816666678
19.8,19800,0,50.5,3,3,0,1,0.5,3
19.9,19900,0,42.38333337,4.550000027,4.550000027,3.433333367,2.033333346,0.500000015,4.550000027
20,20000,0,29.20000003,1.700000003,1.700000003,19.86666669,1.50000003,1.333333343,1.700000003
20.1,20100,0,32.45,1.450000003,1.450000003,10.2,0,2,1.450000003
20.2,20200,0,14.86666669,1.200000003,1.200000003,8.36666669,0,19.16666669,1.200000003
20.3,20300,0,13.68333337,1.016666681,1.016666681,29.93333337,1,9.333333358,1.016666681
20.4,20400,0,8.333333373,0.5,0.5,34.83333337,0.5,16.83333337,0.5
20.5,20500,0,0.75,0.75,0.75,37.5,0,23.5,0.75
20.6,20600,0,0.950000003,0.950000003,0.950000003,32,0.200000003,33,0.950000003
20.7,20700,0,3.150000006,3.150000006,3.150000006,9.200000003,0,19.2,3.150000006
20.8,20800,0,3.700000003,3.700000003,3.700000003,10,0,15.2,3.700000003
20.9,20900,0,1,1,1,14,0,24,1
21,21000,0,2.25,2.25,2.25,5,0,12,2.25
21.1,21100,0,3,3,3,3,0,26,3
21.2,21200,0,5.25,5.25,5.25,1,0,11,5.25
21.3,21300,0,8.5,8.5,8.5,1,0,7,8.5
21.4,21400,0,10.25,10.25,10.25,0.5,0,3.5,10.25
21.5,21500,0,10.40000001,10.40000001,10.40000001,0,0,9.400000006,10.40000001
21.6,21600,0,9.5,9.5,9.5,0,0,0,9.5
21.7,21700,0,25,25,25,0,0,0,25
21.8,21800,0,25,25,25,0,0,0,25
21.9,21900,0,25,25,25,0,0,0,25
22,22000,0,25,25,25,0,0,0,25
22.1,22100,0,25,25,25,0,0,0,25
22.2,22200,0,30.25000063,30.25000063,30.25000063,0,0,0,9.25
22.3,22300,0,30.583334,30.583334,30.583334,0,0,0,8.25
22.4,22400,0,29.41666719,29.41666719,29.41666719,0,0,0,11.75
22.5,22500,0,30.16666728,30.16666728,30.16666728,0,0,0,9.5
22.6,22600,0,7.833333492,7.833333492,7.833333492,0,0,0.25,2.25
22.7,22700,0,10.41666687,10.41666687,10.41666687,0,0,0,3.75
22.8,22800,0,11.83333358,11.83333358,11.83333358,0,0,0,3.5
22.9,22900,0,9.916666895,9.916666895,9.916666895,0,0,0,2.25
23,23000,0,8.200000003,8.200000003,8.200000003,0,0,0.200000003,8.200000003
23.1,23100,0,8.25,8.25,8.25,0,0,0,8.25
23.2,23200,0,4.5,4.5,4.5,0,0,0,4.5
23.3,23300,0,3.75,3.75,3.75,0,0,0,3.75
23.4,23400,0,9.5,9.5,9.5,0,0,0,9.5
23.5,23500,0,8.5,8.5,8.5,0,0,0,8.5
23.6,23600,0,10,10,10,0,0,0,10
23.7,23700,0,8.75,8.75,8.75,0,0,0,8.75
23.8,23800,0,8.950000018,8.950000018,8.950000018,0.500000015,0.500000015,0.200000003,8.950000018
23.9,23900,0,8.033333346,8.033333346,8.033333346,0.533333346,0.166666672,0.166666672,8.033333346
24,24000,0,23.39523819,23.39523819,23.39523819,2.595238179,2.595238179,1.22857146,23.39523819
24.1,24100,0,16.30952433,16.30952433,16.30952433,16.30952433,16.30952433,2.142857239,16.30952433
24.2,24200,0,14.28571492,14.28571492,14.28571492,14.28571492,14.28571492,14.28571492,14.28571492
24.3,24300,0,14.28571492,14.28571492,14.28571492,14.28571492,14.28571492,14.28571492,14.28571492
24.4,24400,0,14.28571492,14.28571492,14.28571492,14.28571492,14.28571492,14.28571492,14.28571492
24.5,24500,0,21.03571452,21.03571452,21.03571452,5.285714522,5.285714522,5.285714522,21.03571452
24.6,24600,0,24.14285719,24.14285719,24.14285719,1.142857194,1.142857194,1.142857194,24.14285719
24.7,24700,0,24.7857143,24.7857143,24.7857143,0.285714298,0.285714298,0.285714298,24.7857143
24.8,24800,0,25,25,25,0,0,0,25
24.9,24900,0,25,25,25,0,0,0,25
25,25000,0,25,25,25,0,0,0,25
25.1,25100,0,25,25,25,0,0,0,25
25.2,25200,0.200000003,24.95,24.95,24.95,0,0,0,24.95
25.3,25300,0,25,25,25,0,0,0,25
25.4,25400,0,25,25,25,0,0,0,25
25.5,25500,0,25,25,25,0,0,0,25
25.6,25600,0,25,25,25,0,0,0,25
25.7,25700,0,12,12,12,0,0,0,12
25.8,25800,0,8.25,8.25,8.25,0,0,0,8.25
25.9,25900,0,7.5,7.5,7.5,0,0,0,7.5
26,26000,0,9,9,9,0,0,0,9
26.1,26100,0,8.428571448,8.428571448,8.428571448,0.428571448,0.428571448,0.428571448,8.428571448
26.2,26200,0,10.2857143,10.2857143,10.2857143,0.285714298,0.285714298,0.285714298,10.2857143
26.3,26300,0,7.964285746,7.964285746,7.964285746,0.714285746,0.714285746,0.714285746,7.964285746
26.4,26400,0,8.642857194,8.642857194,8.642857194,1.142857194,1.142857194,1.142857194,8.642857194
26.5,26500,0,9.750000104,9.750000104,9.750000104,12.66666682,2.666666761,12.66666682,9.750000104
26.6,26600,0,4.535714313,10.96904781,10.96904781,13.38571438,1.785714343,13.38571438,10.96904781
26.7,26700,0,3.00000003,10.33333357,10.33333357,13.16666673,0.666666687,13.16666673,10.33333357
26.8,26800,0,3.366666734,8.716666758,8.716666758,55.21666676,0.900000006,14.36666672,8.716666758
26.9,26900,0,3.016666695,10.80000021,10.80000021,29.21666671,0.166666672,3.200000033,10.80000021
27,27000,0,4.450000003,12.28333355,12.28333355,1.25,0.5,7.950000003,12.28333355
27.1,27100,0,3.700000003,10.95000021,10.95000021,0,0,2.450000003,10.95000021
27.2,27200,0,3.25,11.58333358,11.58333358,0,0,8,11.58333358
27.3,27300,0,12.45,29.03333382,29.03333382,0,0,0.450000003,29.03333382
27.4,27400,0,24.90000001,24.90000001,24.90000001,0,0,0.400000006,24.90000001
27.5,27500,0,24.85000001,24.85000001,24.85000001,0.200000003,0,0.400000006,24.85000001
27.6,27600,0,41.33333336,7.916666672,41.33333336,0,0.750000015,0.750000015,7.916666672
27.7,27700,0,39.35000007,8.600000009,39.35000007,0,3.350000069,0.75,8.600000009
27.8,27800,0,36.90000008,10.3666667,36.90000008,0.900000021,2.466666713,2.100000039,10.3666667
27.9,27900,0,38.00000013,6.800000042,38.00000013,0.200000003,2.700000018,7.500000134,6.800000042
28,28000,0,34.94523826,7.645238161,34.94523826,3.228571475,2.395238131,9.195238262,7.645238161
28.1,28100,0,37.76666674,9.183333367,37.76666674,0.916666687,1.166666672,4.01666674,9.183333367
28.2,28200,0,39.18333338,6.583333358,39.18333338,3.433333382,1.600000024,3.433333382,6.583333358
28.3,28300,0,37.26666677,8.733333364,37.26666677,5.76666677,0.700000003,1.533333346,8.733333364
28.4,28400,0,7.761904806,7.761904806,7.761904806,7.595238149,1.595238134,1.761904806,7.761904806
28.5,28500,0,7.183333352,7.183333352,7.183333352,16.2666667,0.666666687,0.333333343,7.183333352
28.6,28600,0,10.25000003,10.25000003,10.25000003,10.00000003,2.000000015,0,10.25000003
28.7,28700,0,9.983333364,9.983333364,9.983333364,5.733333364,2.333333358,0,9.983333364
28.8,28800,0,8.75,8.75,8.75,3,0,0,8.75
28.9,28900,0,9.866666675,9.866666675,9.866666675,3.166666672,2.366666675,0,9.866666675
29,29000,0,9.616666675,9.616666675,9.616666675,5.866666675,2.666666672,0,9.616666675
29.1,29100,0,8.600000009,8.600000009,8.600000009,6.900000006,1.700000003,0,8.600000009
29.2,29200,0,24.86666667,24.86666667,24.86666667,0.166666672,0.366666675,0,24.86666667
29.3,29300,0,24.90000001,24.90000001,24.90000001,0.200000003,0.200000003,0,24.90000001
29.4,29400,0,25,25,25,0,0,0,25
29.5,29500,0,25,25,25,0,0,0,25
29.6,29600,0,1.75,1.75,1.75,0,0,0,1.75
29.7,29700,0,0.75,0.75,0.75,0,0,0,0.75
29.8,29800,0,2,2,2,0,0,0,2
29.9,29900,0,0.5,0.5,0.5,0,0,0,0.5
30,30000,0,0,0,0,0,0,0,0
30.1,30100,0,0.75,0.75,0.75,0,1,1,0.75
30.2,30200,0,0,0,0,0,0,0,0
30.3,30300,0,0,0,0,0,0,0,0
30.4,30400,0,0.75,0.75,0.75,0,1,1,0.75
30.5,30500,0,1.5,1.5,1.5,0,0,0,1.5
30.6,30600,0,2.700000003,2.700000003,2.700000003,0.200000003,0,0,2.700000003
30.7,30700,0,7.75,7.75,7.75,0,0,0,7.75
30.8,30800,0,9.350000009,9.350000009,9.350000009,0.400000006,1.200000003,1,9.350000009
30.9,30900,0,24.90000001,24.90000001,24.90000001,0.200000003,0.200000003,0,24.90000001
31,31000,0,24.83333334,24.83333334,24.83333334,0.333333343,0.333333343,0,24.83333334
31.1,31100,0,8.25,8.25,8.25,2.5,0,0.5,8.25
31.2,31200,0,8,8,8,0,0,0,8
31.3,31300,0,39.5,1.5,1.5,0,0,0,1.5
31.4,31400,0,35.41666667,1.416666672,1.416666672,0,2.166666672,0.166666672,1.416666672
31.5,31500,0,36,3,3,0.5,0.5,2,3
31.6,31600,0,30.65000001,1.650000006,1.650000006,0,0.400000006,4,1.650000006
31.7,31700,0,40.75,1.25,1.25,0,0,1.5,1.25
31.8,31800,0,20.45,1.450000003,1.450000003,0,0,28.2,1.450000003
31.9,31900,0,57.08333334,2.25,2.25,0,0.333333343,1.833333343,2.25
32,32000,0,47.58333334,3.25,3.25,0,0.333333343,0.333333343,3.25
32.1,32100,0,24.90000001,24.90000001,24.90000001,0,0,0.400000006,24.90000001
32.2,32200,0,25,25,25,0,0,0,25
32.3,32300,0,24.91666667,24.91666667,24.91666667,0.166666672,0,0.166666672,24.91666667
32.4,32400,0,24.95,24.95,24.95,0.200000003,0,0,24.95
32.5,32500,0,25,25,25,0,0,0,25
32.6,32600,0,10.25,10.25,10.25,0,0,0,10.25
32.7,32700,0,0.25,0.25,0.25,0,0,0,0.25
32.8,32800,0,0.25,0.25,0.25,0,0,0,0.25
32.9,32900,0,0.25,0.25,0.25,0,0,0,0.25
33,33000,0,0,0,0,0,0,0,0
33.1,33100,0,0,0,0,0,0,0,0
33.2,33200,0,0.25,0.25,0.25,0,0,0,0.25
33.3,33300,0,0.25,0.25,0.25,0,0,0,0.25
33.4,33400,0,0.25,0.25,0.25,0,0,0,0.25
33.5,33500,0,8,8,8,0,0,0,8
33.6,33600,0,8.350000009,8.350000009,8.350000009,0,0.600000009,0,8.350000009
33.7,33700,0,8.266666681,8.266666681,8.266666681,0.166666672,0.766666681,0,8.266666681
33.8,33800,0,2.892857149,2.892857149,2.892857149,0.976190493,0.976190493,0.476190493,2.892857149
33.9,33900,0,3.5,3.5,3.5,0.833333343,0.833333343,0.333333343,3.5
34,34000,0,4.25,4.25,4.25,1,0,0,4.25
34.1,34100,0,10.28333335,10.28333335,10.28333335,2.533333346,1.166666672,0.166666672,10.28333335
34.2,34200,0,1.000000015,1.000000015,1.000000015,38.03333341,34.13333341,6.833333403,1.000000015
34.3,34300,0,1.25,1.25,1.25,22.00000003,25.00000003,1.00000003,1.25
34.4,34400,0,1.700000003,1.700000003,1.700000003,7.36666669,38.16666669,6.666666687,1.700000003
34.5,34500,0,1.75,1.75,1.75,0.333333343,9.333333343,3.333333343,1.75
34.6,34600,0,4.450000003,4.450000003,4.450000003,0.333333343,4.833333343,4.033333346,4.450000003
34.7,34700,0,0.75,0.75,0.75,0,1,0,0.75
34.8,34800,0,2.5,2.5,2.5,0,1,1,2.5
34.9,34900,0,1.5,1.5,1.5,1,0,4,1.5
35,35000,0,9.75,9.75,9.75,0,0,0,9.75
35.1,35100,0,9.25,9.25,9.25,0,0,0,9.25
35.2,35200,0,4.200000003,4.200000003,4.200000003,0.200000003,0,0,4.200000003
35.3,35300,0,3.683333352,3.683333352,3.683333352,0.933333352,0,0.333333343,3.683333352
35.4,35400,0,2.700000003,2.700000003,2.700000003,0,0,0.200000003,2.700000003
35.5,35500,0,9.242857188,9.242857188,9.242857188,0.142857149,0.642857164,2.242857188,9.242857188
35.6,35600,0,8.5,8.5,8.5,0,0,0,8.5
35.7,35700,0,8,8,8,0,0,0,8
35.8,35800,0,3,3,3,0,0,0,3
35.9,35900,0,4.166666672,4.166666672,4.166666672,0,0.666666672,0.666666672,4.166666672
36,36000,0,6.916666672,6.916666672,6.916666672,0,1.166666672,1.166666672,6.916666672
36.1,36100,0,3.75,12.08333358,12.08333358,0,5.5,0.5,12.08333358
36.2,36200,0,2,10.66666692,10.66666692,0,0,0,10.66666692
36.3,36300,0,2,10.00000024,10.00000024,1.50000003,1.50000003,1.00000003,10.00000024
36.4,36400,0,3.119047642,10.78571452,10.78571452,12.78571443,12.78571443,3.952381074,10.78571452
36.5,36500,0,2.345238119,10.14523834,10.14523834,13.72857156,13.72857156,3.76190488,10.14523834
36.6,36600,0,2.726190537,1.576190516,1.576190516,5.992857233,5.992857233,1.559523836,1.576190516
36.7,36700,0,0.976190507,0.876190498,0.876190498,3.876190528,3.876190528,0.642857164,0.876190498
36.8,36800,0,1.166666672,1.383333355,1.383333355,1.400000021,8.216666698,2.066666692,1.383333355
36.9,36900,0,1.559523851,0.309523821,0.309523821,1.726190522,4.892857224,4.892857224,0.309523821
37,37000,0,1.50000003,0.333333343,0.333333343,1.833333373,4.333333403,4.333333403,0.333333343
37.1,37100,0,0.642857149,0.142857149,0.142857149,0.976190493,3.976190493,3.976190493,0.142857149
37.2,37200,0,4.416666672,0.416666672,0.416666672,0.333333343,2.000000015,2.000000015,0.416666672
37.3,37300,0,13,0,0,0.333333343,1.333333343,1.333333343,0
37.4,37400,0,49.75000003,4.083333343,4.083333343,0,2.00000003,2.00000003,4.083333343
37.5,37500,0,40.83333334,5.25,5.25,0.25,1.083333343,1.083333343,5.25
37.6,37600,0,73.08333334,8.25,8.25,0.5,0.833333343,0.833333343,8.25
37.7,37700,0,70,10,10,0,0,0,10
37.8,37800,0,70.75,9.75,9.75,0,0,0,9.75
37.9,37900,0,24.83333334,24.83333334,24.83333334,0,0.333333343,0.333333343,24.83333334
38,38000,0,8.25,30.583334,30.583334,0,0,0,30.583334
38.1,38100,0,7.892857149,30.42619115,30.42619115,0.342857152,0.142857149,0.342857152,30.42619115
38.2,38200,0,11.5,29.50000054,29.50000054,0,0,0,29.50000054
38.3,38300,0,7.642857149,30.50952449,30.50952449,0.342857152,0.142857149,0.342857152,30.50952449
38.4,38400,0,10.91666667,29.25000055,29.25000055,0.500000015,0.333333343,0.500000015,29.25000055
38.5,38500,0,10.28571431,27.3857148,27.3857148,1.119047657,3.219047695,3.219047695,27.3857148
38.6,38600,0,9.511904791,28.47857201,28.47857201,0.928571463,2.061904818,2.061904818,28.47857201
38.7,38700,0,8.119047657,28.75238159,28.75238159,0.785714313,2.419047683,2.419047683,28.75238159
38.8,38800,0,66.7023811,7.452381015,7.452381015,0.535714298,5.202381104,5.202381104,7.452381015
38.9,38900,0,76.08333336,7.416666672,7.416666672,0,0.833333358,0.833333358,7.416666672
39,39000,0,83.75000003,4.75,4.75,0,1.00000003,1.00000003,4.75
39.1,39100,0,81.33333334,6,6,0,0.333333343,0.333333343,6
39.2,39200,0,85.9166667,3.916666672,3.916666672,0,1.166666701,1.166666701,3.916666672
39.3,39300,0,82.33333337,4.25,4.25,0.75,2.083333373,2.083333373,4.25
39.4,39400,0,86.41666667,4.416666672,4.416666672,0,0.166666672,0.166666672,4.416666672
39.5,39500,0,77.5,0.5,0.5,0,0,0,0.5
39.6,39600,0,28.5,1.5,1.5,0.333333343,0.333333343,0.333333343,1.5
39.7,39700,0,30,2,2,0,0.5,0.5,2
39.8,39800,0,4.75,4.75,4.75,0,0,0,4.75
39.9,39900,0,3.75,3.75,3.75,0,0,0,3.75
40,40000,0,3.75,3.75,3.75,0.333333343,0.333333343,0.333333343,3.75
40.1,40100,0,0.75,0.75,0.75,0,0,0,0.75
40.2,40200,0,1.25,1.25,1.25,0,0,0,1.25
40.3,40300,0,0,0,0,0,0,1,0
40.4,40400,0,0,0,0,0,0,0,0
40.5,40500,0,0,0,0,0,0,0,0
40.6,40600,0,0,0,0,0,0,0,0
40.7,40700,0,0,0,0,0,0,0,0
40.8,40800,0,0,0,0,0,0,0,0
40.9,40900,0,0,0,0,0,0,0,0
41,41000,0,0,0,0,0,0,0,0
41.1,41100,0,1.00000003,1.00000003,0,0,0,0,1.00000003
41.2,41200,0,1,1,1,0,0,0,1
41.3,41300,0,0.75,0.75,0.75,0,0,0,0.75
41.4,41400,0,1.5,1.5,1.5,0,0,0,1.5
41.5,41500,0,1.5,1.5,1.5,0,0,0,1.5
41.6,41600,0,4.333333343,4.333333343,4.333333343,0.333333343,0.333333343,0,4.333333343
41.7,41700,0,24.86666667,24.86666667,24.86666667,0.366666675,0,0.166666672,24.86666667
41.8,41800,0,24.86666667,24.86666667,24.86666667,0.200000003,0.166666672,0.166666672,24.86666667
41.9,41900,0,24.91666667,24.91666667,24.91666667,0,0.166666672,0.166666672,24.91666667
42,42000,0,24.25000004,24.25000004,24.25000004,1.200000033,0.86666669,0.933333352,24.25000004
42.1,42100,0,24.78333335,24.78333335,24.78333335,0.166666672,0.533333346,0.166666672,24.78333335
42.2,42200,0,24.95,24.95,24.95,0.200000003,0,0,24.95
42.3,42300,0,24.85000001,24.85000001,24.85000001,0,0.600000009,0,24.85000001
42.4,42400,0,24.90000001,24.90000001,24.90000001,0.200000003,0.200000003,0,24.90000001
42.5,42500,0,9.066666678,9.066666678,9.066666678,0.166666672,0.566666678,0,9.066666678
42.6,42600,0,3.416666672,3.416666672,3.416666672,0.166666672,0.166666672,0,3.416666672
42.7,42700,0,5,5,5,0,0,0,5
42.8,42800,0,1.25,1.25,1.25,0,0,0,1.25
42.9,42900,0,1.75,1.75,1.75,0,0,0,1.75
43,43000,0,1.450000003,1.450000003,1.450000003,0.200000003,0,0,1.450000003
43.1,43100,0,0.75,0.75,0.75,0,0,0,0.75
43.2,43200,0,0.75,0.75,0.75,0,0,0,0.75
43.3,43300,0,2.450000003,2.450000003,2.450000003,0.200000003,0,0,2.450000003
43.4,43400,0,8.25000006,8.25000006,8.25000006,1.000000015,1.500000045,1.500000045,8.25000006
43.5,43500,0,8.485714346,8.485714346,8.485714346,2.485714331,0.785714313,0.785714313,8.485714346
43.6,43600,0,23.31666677,23.31666677,23.31666677,2.400000066,2.166666746,2.166666746,23.31666677
43.7,43700,0,21.25000022,21.25000022,21.25000022,2.000000089,6.500000224,6.500000224,21.25000022
43.8,43800,0,21.14285737,21.14285737,21.14285737,2.142857239,6.642857373,6.642857373,21.14285737
43.9,43900,0,8.738095284,8.738095284,8.738095284,0.571428597,1.238095284,1.238095284,8.738095284
44,44000,0,10.25,10.25,10.25,0,0,0,10.25
44.1,44100,0,10.5,10.5,10.5,0,0,0,10.5
44.2,44200,0,11.5,11.5,11.5,0,0,0,11.5
44.3,44300,0,4.25,4.25,4.25,0,0,0,4.25
44.4,44400,0,4,4,4,0,0,0,4
44.5,44500,0,3.25,3.25,3.25,0,0,0,3.25
44.6,44600,0,3,3,3,0,0,0,3
44.7,44700,0,9,9,9,0,0,0,9
44.8,44800,0,8,8,8,0,0,0,8
44.9,44900,0,12,12,12,0,0,0,12
45,45000,0,10,10,10,0,0,0,10
45.1,45100,0,25,25,25,0,0,0,25
45.2,45200,0,25,25,25,0,0,0,25
45.3,45300,0,25,25,25,0,0,0,25
45.4,45400,0,25,25,25,0,0,0,25
45.5,45500,0,25,25,25,0,0,0,25
45.6,45600,0,25,25,25,0,0,0,25
45.7,45700,0,25,25,25,0,0,0,25
45.8,45800,0,25,25,25,0,0,0,25
45.9,45900,0,25,25,25,0,0,0,25
46,46000,0,25,25,25,0,0,0,25
46.1,46100,0,24.42857146,24.42857146,24.42857146,0.928571463,0.428571448,0.928571463,24.42857146
46.2,46200,0,24.55238098,24.55238098,24.55238098,1.052380979,0.45238097,0.285714298,24.55238098
46.3,46300,0,24.01190482,24.01190482,24.01190482,2.261904821,1.261904806,0.428571448,24.01190482
46.4,46400,0,17.15714332,17.15714332,17.15714332,17.15714332,7.523809791,6.690476432,17.15714332
46.5,46500,0,8.085714445,8.085714445,8.085714445,8.085714445,1.285714328,1.285714328,8.085714445
46.6,46600,0,8.550000012,8.550000012,8.550000012,0.400000006,0.200000003,0.200000003,8.550000012
46.7,46700,0,9.333333343,9.333333343,9.333333343,0.166666672,0.333333343,0.166666672,9.333333343
46.8,46800,0,7.900000006,7.900000006,7.900000006,0,0,0.400000006,7.900000006
46.9,46900,0,4.200000003,4.200000003,4.200000003,3.5,4.700000003,0,4.200000003
47,47000,0,4.150000006,4.150000006,4.150000006,5.700000003,3.5,1.200000003,4.150000006
47.1,47100,0,3.90952383,3.90952383,3.90952383,4.309523821,3.709523827,1.342857152,3.90952383
47.2,47200,0,4.476190493,4.476190493,4.476190493,2.309523821,4.476190493,1.309523821,4.476190493
47.3,47300,0,8.61666669,8.61666669,8.61666669,1.000000015,9.800000027,3.733333349,8.61666669
47.4,47400,0,5.285714522,5.285714522,5.285714522,26.28571515,26.28571515,26.28571515,5.285714522
47.5,47500,0,6.809524044,6.809524044,6.809524044,31.80952425,31.80952425,9.142857447,6.809524044
47.6,47600,0,4.690476358,4.690476358,4.690476358,36.35714322,36.35714322,8.523809806,4.690476358
47.7,47700,0,18.25238135,18.25238135,18.25238135,18.25238135,6.119047806,2.619047701,18.25238135
47.8,47800,0,7.119047761,7.119047761,7.119047761,54.11904779,13.78571437,3.619047672,7.119047761
47.9,47900,0,1.842857167,1.842857167,1.842857167,13.30952384,11.17619051,2.142857164,1.842857167
48,48000,0,3.009523854,3.009523854,3.009523854,13.10952385,7.876190513,5.976190507,3.009523854
48.1,48100,0,1.092857152,1.092857152,1.092857152,21.84285718,19.14285718,6.642857179,1.092857152
48.2,48200,0,1.016666681,1.016666681,1.016666681,20.66666667,25.40000001,3.866666675,1.016666681
48.3,48300,0,1.766666695,1.766666695,1.766666695,24.76666671,21.83333337,4.333333358,1.766666695
48.4,48400,0,1.400000021,1.400000021,1.400000021,20.3666667,22.20000003,4.833333358,1.400000021
48.5,48500,0,1.042857155,1.042857155,1.042857155,2.142857149,13.04285716,0.642857149,1.042857155
48.6,48600,0,4.411904797,4.411904797,4.411904797,2.761904821,6.661904827,2.928571478,4.411904797
48.7,48700,0,8.178571492,8.178571492,8.178571492,13.2619049,13.2619049,2.761904851,8.178571492
48.8,48800,0,7.616666719,7.616666719,7.616666719,3.333333388,25.36666675,4.833333373,7.616666719
48.9,48900,0,22.37142873,22.37142873,22.37142873,2.071428642,6.371428728,2.071428642,22.37142873
49,49000,0,28.85238159,7.45238097,28.85238159,0.952380985,2.519047678,2.519047678,28.85238159
49.1,49100,0,28.01904811,11.76904765,28.01904811,0.652380973,1.252380982,2.269047663,28.01904811
49.2,49200,0,29.86666726,9.700000003,29.86666726,0,0,0.700000003,29.86666726
49.3,49300,0,1.50000003,0.5,1.50000003,0,0,0,1.50000003
49.4,49400,0,2.25000006,0.25,2.25000006,0,0,0,2.25000006
49.5,49500,0,2.083333373,0.75,2.083333373,0,0,0,2.083333373
49.6,49600,0,1.583333373,0.25,1.583333373,0,0,0,1.583333373
49.7,49700,0,1.50000003,0.25,1.50000003,0.25,0,0,1.50000003
49.8,49800,0,1.5,1.5,1.5,0,0,0,1.5
49.9,49900,0,3.166666672,3.166666672,3.166666672,0.166666672,0.166666672,0,3.166666672
50,50000,0,0.142857149,0.142857149,0.142857149,0.142857149,0.142857149,0.142857149,0.142857149
50.1,50100,0,8.785714388,8.785714388,8.785714388,2.285714388,2.285714388,2.285714388,8.785714388
50.2,50200,0,2.642857194,2.642857194,2.642857194,1.142857194,1.142857194,1.142857194,2.642857194
50.3,50300,0,3.285714298,3.285714298,3.285714298,0.285714298,0.285714298,0.285714298,3.285714298
50.4,50400,0,3.464285746,3.464285746,3.464285746,0.714285746,0.714285746,0.714285746,3.464285746
50.5,50500,0,1.892857149,1.892857149,1.892857149,0.142857149,0.142857149,0.142857149,1.892857149
50.6,50600,0,1.178571448,1.178571448,1.178571448,2.428571507,2.428571507,2.428571507,1.178571448
50.7,50700,0,0.964285746,0.964285746,0.964285746,1.714285776,1.714285776,1.714285776,0.964285746
50.8,50800,0,3.25,3.25,3.25,0,0,0,3.25
50.9,50900,0,4,4,4,0.333333343,0.333333343,0.333333343,4
51,51000,0,8.25,8.25,8.25,0,0,0,8.25
51.1,51100,0,8.25,8.25,8.25,0.5,0,0.5,8.25
51.2,51200,0,3.25,3.25,3.25,0,0,0,3.25
51.3,51300,0,4,4,4,0,0,0,4
51.4,51400,0,10.75,10.75,10.75,0,0,0,10.75
51.5,51500,0,3.75,3.75,3.75,0,0,0,3.75
51.6,51600,0,4.916666672,4.916666672,4.916666672,0.166666672,0,0.166666672,4.916666672
51.7,51700,0,3,3,3,0,0,0,3
51.8,51800,0,3.25,3.25,3.25,0,0,0,3.25
51.9,51900,0,5.821428597,5.821428597,5.821428597,0.571428597,0.571428597,0.571428597,5.821428597
52,52000,0,7.976190493,7.976190493,7.976190493,0.476190493,0.142857149,0.476190493,7.976190493
52.1,52100,0,9.726190493,9.726190493,9.726190493,0.476190493,0.142857149,0.476190493,9.726190493
52.2,52200,0,9.095238134,9.095238134,9.095238134,1.095238134,0.428571448,1.095238134,9.095238134
52.3,52300,0,24.40476194,24.40476194,24.40476194,0.90476194,0.571428597,0.90476194,24.40476194
52.4,52400,0,24.59523812,24.59523812,24.59523812,0.595238119,0.428571448,0.595238119,24.59523812
52.5,52500,0,24.80952382,24.80952382,24.80952382,0.309523821,0.142857149,0.309523821,24.80952382
52.6,52600,0,7.892857149,30.25952448,30.25952448,0.509523824,0.309523821,0.509523824,30.25952448
52.7,52700,0,9.892857149,28.85952437,28.85952437,1.442857176,0.642857164,1.442857176,28.85952437
52.8,52800,0,8.392857194,27.89285778,27.89285778,2.642857239,2.642857239,2.642857239,27.89285778
52.9,52900,0,22.64285719,11.32619072,11.32619072,4.826190576,1.726190522,4.826190576,11.32619072
53,53000,0,24.75000007,10.16666688,10.16666688,11.91666679,0.916666687,11.91666679,10.16666688
53.1,53100,0,25.19285722,8.842857316,8.842857316,18.92619057,1.626190513,3.726190537,8.842857316
53.2,53200,0,11.25000012,7.316666767,7.316666767,47.9000002,3.883333415,15.01666681,7.316666767
53.3,53300,0,15.6833335,7.183333412,7.183333412,43.43333356,4.750000075,14.58333351,7.183333412
53.4,53400,0,32.55714323,7.723809704,7.723809704,32.55714323,4.357142985,7.357143074,7.723809704
53.5,53500,0,33.66904798,6.919047773,6.919047773,33.66904798,3.20238103,8.702381194,6.919047773
53.6,53600,0,33.53095277,7.114285871,7.114285871,33.53095277,2.797619134,8.797619313,7.114285871
53.7,53700,0,17.73333377,17.73333377,17.73333377,17.73333377,4.333333492,7.000000238,17.73333377
53.8,53800,0,15.78571483,15.78571483,15.78571483,15.78571483,15.78571483,5.285714522,15.78571483
53.9,53900,0,14.28571492,14.28571492,14.28571492,14.28571492,14.28571492,14.28571492,14.28571492
54,54000,0,5.285714522,5.285714522,5.285714522,26.28571515,26.28571515,26.28571515,5.285714522
54.1,54100,0,5.142857373,5.142857373,5.142857373,26.47619134,26.47619134,26.47619134,5.142857373
54.2,54200,0,5.142857373,5.142857373,5.142857373,26.47619134,26.47619134,26.47619134,5.142857373
54.3,54300,0,5.600000143,5.600000143,5.600000143,9.333333641,58.93333369,9.333333641,5.600000143
54.4,54400,0,7.228571609,7.228571609,7.228571609,9.761905089,51.56190516,9.761905089,7.228571609
54.5,54500,0,5.580952495,5.580952495,5.580952495,4.047619179,60.41428593,13.21428587,5.580952495
54.6,54600,0,6.976190522,6.976190522,6.976190522,1.809523866,20.14285724,4.142857224,6.976190522
54.7,54700,0,10.95476197,10.95476197,10.95476197,2.071428612,6.171428636,6.938095286,10.95476197
54.8,54800,0,24.35000004,24.35000004,24.35000004,0.166666672,1.533333361,0.900000021,24.35000004
54.9,54900,0,24.27619052,24.27619052,24.27619052,0.476190493,0.842857167,1.576190516,24.27619052
55,55000,0,24.58333336,24.58333336,24.58333336,0,0.733333349,0.933333352,24.58333336
55.1,55100,0,24.44285718,24.44285718,24.44285718,0.342857152,0.642857164,1.242857173,24.44285718
55.2,55200,0,24.50000003,24.50000003,24.50000003,0.366666675,0.933333352,0.700000018,24.50000003
55.3,55300,0,24.80000001,24.80000001,24.80000001,0.400000006,0.400000006,0,24.80000001
55.4,55400,0,25,25,25,0,0,0,25
55.5,55500,0,25,25,25,0,0,0,25
55.6,55600,0,25,25,25,0,0,0,25
55.7,55700,0,25,25,25,0,0,0,25
55.8,55800,0,25,25,25,0,0,0,25
55.9,55900,0,8,8,8,0,0,0,8
56,56000,0,8.75,8.75,8.75,0,0,0,8.75
56.1,56100,0,11,11,11,0,0,0,11
56.2,56200,0,7.416666672,7.416666672,7.416666672,0,0.166666672,0.166666672,7.416666672
56.3,56300,0,8.75,8.75,8.75,0,0,0,8.75
56.4,56400,0,3.25,3.25,3.25,0,0,0,3.25
56.5,56500,0,4,4,4,0,0,0,4
56.6,56600,0,3.25,3.25,3.25,0,0,0,3.25
56.7,56700,0,9.75,9.75,9.75,0,0,0,9.75
56.8,56800,0,9,9,9,0,0,0,9
56.9,56900,0,9,9,9,0,0,0,9
57,57000,0,4.25,9.583333492,9.583333492,0,0,0,9.583333492
57.1,57100,0,3.583333343,12.08333358,12.08333358,0.166666672,1.50000003,1.50000003,12.08333358
57.2,57200,0,2.65476194,8.05476208,8.05476208,0.90476194,2.638095304,2.638095304,8.05476208
57.3,57300,0,3.892857179,8.126190633,8.126190633,0.309523821,1.709523857,1.709523857,8.126190633
57.4,57400,0,3.059523851,11.99285743,11.99285743,0.476190493,3.242857218,3.242857218,11.99285743
57.5,57500,0,1.75,4.416666746,4.416666746,0,0,0,4.416666746
57.6,57600,0,1.75,5.083333433,5.083333433,0,0,0,5.083333433
57.7,57700,0,1,5.000000119,5.000000119,0,0,0,5.000000119
57.8,57800,0,4.25,4.25,4.25,0,0,0,4.25
57.9,57900,0,2.5,2.5,2.5,0,0,0,2.5
58,58000,0,11.50000003,11.50000003,11.50000003,0,1.00000003,1.00000003,11.50000003
58.1,58100,0,9.566666678,9.566666678,9.566666678,0.166666672,0,0.566666678,9.566666678
58.2,58200,0,8.833333343,8.833333343,8.833333343,0.166666672,0.166666672,0.333333343,8.833333343
58.3,58300,0,24.43809527,24.43809527,24.43809527,0.571428597,0.738095269,0.938095272,24.43809527
58.4,58400,0,24.51904765,24.51904765,24.51904765,0.285714298,0.619047642,1.019047648,24.51904765
58.5,58500,0,24.55952384,24.55952384,24.55952384,0.809523836,0.142857149,0.809523836,24.55952384
58.6,58600,0,25,25,25,0,0,0,25
58.7,58700,0,24.89285715,24.89285715,24.89285715,0.142857149,0.142857149,0.142857149,24.89285715
58.8,58800,0,24.80952382,24.80952382,24.80952382,0.309523821,0.142857149,0.309523821,24.80952382
58.9,58900,0,24.7857143,24.7857143,24.7857143,0.285714298,0.285714298,0.285714298,24.7857143
59,59000,0,24.14285719,24.14285719,24.14285719,1.142857194,1.142857194,1.142857194,24.14285719
59.1,59100,0,23.36904772,23.36904772,23.36904772,2.619047716,2.619047716,1.285714343,23.36904772
59.2,59200,0,7.476190507,7.476190507,7.476190507,4.142857194,4.142857194,0.809523836,7.476190507
59.3,59300,0,8.583333343,8.583333343,8.583333343,1.333333343,9.333333343,0,8.583333343
59.4,59400,0,0.816666678,0.816666678,0.816666678,63.53333336,18.53333336,4.666666687,0.816666678
59.5,59500,0,0,0,8.833333343,42.83333334,8,0.333333343,0
59.6,59600,0,0.25,0.25,12.58333334,32.83333334,1.833333343,2,0.25
59.7,59700,0,0,0,6.5,44.83333334,8.833333343,0.833333343,0
59.8,59800,0,0,0,2.333333343,45.33333334,8.333333343,1,0
59.9,59900,0,0.200000003,0.200000003,3.200000003,37.86666669,4.166666687,1.166666687,0.200000003
60,60000,0,0,0,8,14.5,0,4.5,0
60.1,60100,0,0.25,0.25,19.75,7.5,0,0,0.25
60.2,60200,0,0.5,0.5,53.5,1.333333373,1.333333373,1.333333373,0.5
60.3,60300,0,2.428571448,2.428571448,37.42857145,4.095238224,4.095238224,4.095238224,2.428571448
60.4,60400,0,4.750000045,4.750000045,54.75000004,2.000000075,2.000000075,2.000000075,4.750000045
60.5,60500,0,0,0,0,0,0,0,0
60.6,60600,2,0,0,0,0,0,0,0
60.7,60700,0,0,0,0,0,0,0,0
60.8,60800,0,0,0,0,0,0,0,0
60.9,60900,0,0,0,0,0,0,0,0
61,61000,0,0,0,0,0,0,0,0
61.1,61100,0,0,0,0,0,0,0,0
61.2,61200,0,0,0,0,0,0,0,0
61.3,61300,0,0,0,0,0,0,0,0
61.4,61400,0,0.5,0.666666687,13.16666669,0,0,0,0.666666687
61.5,61500,0,0.5,1.833333373,11.83333337,0,0,0,1.833333373
61.6,61600,0,0,0.666666687,19.66666669,0,0,0,0.666666687
61.7,61700,0,1.25,2.25000006,13.25000006,0,0,0,2.25000006
61.8,61800,0,1.75,3.250000089,28.75000009,0,1,0,3.250000089
61.9,61900,0,1.75,4.083333448,34.58333345,0.500000015,0.500000015,1.500000015,4.083333448
62,62000,0,5,5.833333462,31.66666681,0.833333343,0.833333343,2,5.833333462
62.1,62100,0,7.866666675,7.866666675,7.866666675,0.666666672,0.666666672,2.200000003,7.866666675
62.2,62200,0,8.166666672,8.166666672,8.166666672,1.166666672,1.166666672,1,8.166666672
62.3,62300,0,24.91666667,24.91666667,24.91666667,0.166666672,0.166666672,0,24.91666667
62.4,62400,0,24.78333335,24.78333335,24.78333335,0.333333343,0.333333343,0.200000003,24.78333335
62.5,62500,0,25,25,25,0,0,0,25
62.6,62600,0,24.71666668,24.71666668,24.71666668,0.166666672,0.766666681,0.200000003,24.71666668
62.7,62700,0,24.59285717,24.59285717,24.59285717,0.142857149,0.542857155,0.942857161,24.59285717
62.8,62800,0,24.73333335,24.73333335,24.73333335,0.166666672,0.333333343,0.566666678,24.73333335
62.9,62900,0,10.60000001,10.60000001,10.60000001,0,0,0.600000009,10.60000001
63,63000,0,9.826190501,9.826190501,9.826190501,0.142857149,0.476190493,1.076190501,9.826190501
63.1,63100,0,9.10714294,9.10714294,9.10714294,0.857142895,2.35714294,2.35714294,9.10714294
63.2,63200,0,8.107142955,8.107142955,8.107142955,0.857142895,2.857142955,2.857142955,8.107142955
63.3,63300,0,1.059523821,1.059523821,1.059523821,0.809523836,1.476190507,1.476190507,1.059523821
63.4,63400,0,1.059523821,1.059523821,1.059523821,1.476190507,1.476190507,0.809523836,1.059523821
63.5,63500,0,1,1,1,3.166666687,3.166666687,0.666666687,1
63.6,63600,0,1.500000045,1.500000045,1.500000045,5.500000045,5.500000045,0,1.500000045
63.7,63700,0,2.142857209,2.142857209,2.142857209,14.14285727,14.14285727,2.142857209,2.142857209
63.8,63800,0,1.928571492,1.928571492,1.928571492,12.09523818,12.09523818,1.095238134,1.928571492
63.9,63900,0,4,4,4,1.333333343,1.333333343,6.333333343,4
64,64000,0,2.75,2.75,2.75,0.5,0.5,1,2.75
64.1,64100,0,3.652380973,3.652380973,3.652380973,3.119047686,3.119047686,4.152381018,3.652380973
64.2,64200,0,0.75,0.75,0.75,0.333333343,0.333333343,6.333333343,0.75
64.3,64300,0,1,1,1,0.666666687,0.666666687,4.666666687,1
64.4,64400,0,1.642857149,1.642857149,1.642857149,1.142857179,1.142857179,12.14285718,1.642857149
64.5,64500,0,0.75,0.75,0.75,1.00000003,1.00000003,19.00000003,0.75
64.6,64600,0,2.685714304,2.685714304,2.685714304,0.619047642,0.619047642,11.01904765,2.685714304
64.7,64700,0,1.607142895,1.607142895,1.607142895,5.190476358,5.190476358,5.190476358,1.607142895
64.8,64800,0,0.571428597,0.571428597,0.571428597,11.90476227,11.90476227,11.90476227,0.571428597
64.9,64900,0,7.678571537,7.678571537,7.678571537,2.428571537,2.428571537,2.428571537,7.678571537
65,65000,0,21.25000022,21.25000022,21.25000022,5.000000224,5.000000224,5.000000224,21.25000022
65.1,65100,0,19.96428601,19.96428601,19.96428601,6.714286014,6.714286014,6.714286014,19.96428601
65.2,65200,0,20.82142882,20.82142882,20.82142882,5.57142882,5.57142882,5.57142882,20.82142882
65.3,65300,0,20.47619075,20.47619075,20.47619075,3.142857283,7.476190746,7.476190746,20.47619075
65.4,65400,0,23.66666675,23.66666675,23.66666675,0,2.666666746,2.666666746,23.66666675
65.5,65500,0,24.58333336,24.58333336,24.58333336,0,0.833333358,0.833333358,24.58333336
65.6,65600,0,9.583333358,9.583333358,9.583333358,1.333333343,1.666666701,1.666666701,9.583333358
65.7,65700,0,9.566666692,9.566666692,9.566666692,3.200000003,19.36666669,0.166666672,9.566666692
65.8,65800,0,9.316666678,9.316666678,9.316666678,0.666666672,12.06666668,1,9.316666678
65.9,65900,0,8.450000003,8.450000003,8.450000003,0.5,9.200000003,0.5,8.450000003
66,66000,0,9.816666678,9.816666678,9.816666678,2.166666672,9.066666678,0.5,9.816666678
66.1,66100,0,8.666666672,8.666666672,8.666666672,0.5,8.666666672,1.166666672,8.666666672
66.2,66200,0,4.066666678,4.066666678,4.066666678,1.333333358,14.73333336,1.666666687,4.066666678
66.3,66300,0,4.066666678,4.066666678,4.066666678,2.666666701,23.8666667,7.200000033,4.066666678
66.4,66400,0,9.750000015,9.750000015,9.750000015,2,16.00000001,0,9.750000015
66.5,66500,0,9.176190525,9.176190525,9.176190525,2.476190522,6.17619054,13.64285721,9.176190525
66.6,66600,0,7.700000018,7.700000018,7.700000018,10.33333336,3.333333343,3.533333346,7.700000018
66.7,66700,0,3.716666684,3.716666684,3.716666684,21.33333336,19.43333337,21.36666669,3.716666684
66.8,66800,0,2.433333352,2.433333352,2.433333352,16.70000002,21.90000002,20.66666669,2.433333352
66.9,66900,0,0.75,0.75,0.75,17.33333337,12.33333337,26.33333337,0.75
67,67000,0,0.200000003,0.200000003,0.200000003,11.16666669,15.66666669,23.36666669,0.200000003
67.1,67100,0,1.716666684,1.716666684,1.716666684,23.06666671,12.90000004,9.166666701,1.716666684
67.2,67200,0,1.326190501,1.326190501,1.326190501,18.00952384,20.70952384,11.97619049,1.326190501
67.3,67300,0,1.509523824,1.509523824,1.509523824,6.309523851,16.84285718,12.80952385,1.509523824
67.4,67400,0,0.759523824,0.759523824,0.759523824,2.309523821,33.84285715,20.80952382,0.759523824
67.5,67500,0,3.211904794,3.211904794,3.211904794,4.928571507,12.29523817,4.928571507,3.211904794
67.6,67600,0,1.142857149,1.142857149,1.142857149,4.976190493,10.47619049,4.976190493,1.142857149
67.7,67700,0,8.916666672,8.916666672,8.916666672,1.333333358,2.666666687,1.333333358,8.916666672
67.8,67800,0,10.95,10.95,10.95,0,0.200000003,0,10.95
67.9,67900,0,8.75,8.75,8.75,0,0,0,8.75
68,68000,0,9.75,9.75,9.75,0,1,0,9.75
68.1,68100,0,10.5,10.5,10.5,0,0,0,10.5
68.2,68200,0,9.25,9.25,9.25,0,0,0,9.25
68.3,68300,0,8,8,8,0,0,0,8
68.4,68400,0,25,25,25,0,0,0,25
68.5,68500,0,25,25,25,0,0,0,25
68.6,68600,0,25,25,25,0,0,0,25
68.7,68700,0,25,25,25,0,0,0,25
68.8,68800,0,8.75,8.75,8.75,0,0,0,8.75
68.9,68900,0,5.5,5.5,5.5,0,0,0,5.5
69,69000,0,4,4,4,1,0,0,4
69.1,69100,0,4.5,4.5,4.5,2,0,0,4.5
69.2,69200,0,3,3,3,1,0,0,3
69.3,69300,0,5,5,5,1,0,0,5
69.4,69400,0,4.75,4.75,4.75,2,0,0,4.75
69.5,69500,0,3.75,3.75,3.75,0,0,0,3.75
69.6,69600,0,4,4,4,0,0,0,4
69.7,69700,0,2.75,2.75,2.75,0,0,0,2.75
69.8,69800,0,9.25,9.25,9.25,0,0,0,9.25
69.9,69900,0,3.25,3.25,3.25,0,0,0,3.25
70,70000,0,5,5,5,0,0,0,5
70.1,70100,0,1.25,1.25,1.25,0,0,0,1.25
70.2,70200,0,1,1,1,0,0,0,1
70.3,70300,0,0.25,0.25,0.25,0,0,0,0.25
70.4,70400,0,0.75,0.75,0.75,0,0,0,0.75
70.5,70500,0,0.5,0.5,0.5,0,0,0,0.5
70.6,70600,0,6.25,0.25,0.25,0,0,0,0.25
70.7,70700,0,16.5,0.5,0.5,0,0,0,0.5
70.8,70800,0,11.25,0.25,0.25,0,0,0,0.25
70.9,70900,0,11,0,0,0,0,0,0
71,71000,0,12.15000001,1.650000006,1.650000006,13.90000004,1.50000003,1.50000003,1.650000006
71.1,71100,0,10.7,0.200000003,0.200000003,11.36666669,0.666666687,0.666666687,0.200000003
71.2,71200,0,38.45000003,3.950000033,3.950000033,31.86666672,2.50000003,2.333333358,3.950000033
71.3,71300,0,37.93333335,4.600000009,4.600000009,12.43333335,1.333333343,0.5,4.600000009
71.4,71400,0,1.166666672,1.166666672,1.166666672,3.166666672,0.166666672,0,1.166666672
71.5,71500,0,1.550000012,1.550000012,1.550000012,4.800000012,0,0,1.550000012
71.6,71600,0,0.700000003,0.700000003,0.700000003,0.700000003,0.5,0,0.700000003
71.7,71700,0,2.5,2.5,2.5,0,0,0,2.5
71.8,71800,0,2.650000006,2.650000006,2.650000006,0.400000006,0,0,2.650000006
71.9,71900,0,2.75,2.75,2.75,0,0,0,2.75
72,72000,0,3.200000003,3.200000003,3.200000003,0.200000003,0,0,3.200000003
72.1,72100,0,4.150000006,4.150000006,4.150000006,0,0,0.400000006,4.150000006
72.2,72200,0,23.80000007,23.80000007,23.80000007,2.000000045,0.166666672,2.633333385,23.80000007
72.3,72300,0,22.1833335,22.1833335,22.1833335,3.333333433,0,7.933333501,22.1833335
72.4,72400,0,16.57142907,16.57142907,16.57142907,16.57142907,0.571428597,16.57142907,16.57142907
72.5,72500,0,16.61904812,16.61904812,16.61904812,16.61904812,0.285714298,16.61904812,16.61904812
72.6,72600,0,18.87619084,18.87619084,18.87619084,5.30952397,0.309523821,18.87619084,18.87619084
72.7,72700,0,5.033333421,5.033333421,5.033333421,14.6666667,0.333333343,64.86666676,5.033333421
72.8,72800,0,6.666666791,6.666666791,6.666666791,8.166666716,0.5,64.66666679,6.666666791
72.9,72900,0,4,4,4,0.5,0.5,8,4
73,73000,0,1.916666672,1.916666672,1.916666672,0.166666672,0,4.166666672,1.916666672
73.1,73100,0,25.75,1.25,1.25,0.333333343,0.333333343,4.833333343,1.25
73.2,73200,0,30.75,1.25,1.25,0,0,1.5,1.25
73.3,73300,0,4.25,0.25,0.25,0,0,0,0.25
73.4,73400,0,5,0,0,0,0,0,0
73.5,73500,0,10,0.5,0.5,0,0,0.5,0.5
73.6,73600,0,5.5,0.5,0.5,0,0,0,0.5
73.7,73700,0,14.2666667,1.933333352,1.933333352,0.666666687,0,2.266666695,1.933333352
73.8,73800,0,7.833333373,1.333333343,1.333333343,1.00000003,0.333333343,2.833333373,1.333333343
73.9,73900,0,4.650000006,4.650000006,4.650000006,0,0,0.400000006,4.650000006
74,74000,0,2.392857149,2.392857149,2.392857149,0.142857149,0.142857149,0.142857149,2.392857149
74.1,74100,0,4.5,4.5,4.5,0,0,0,4.5
74.2,74200,0,4.883333355,4.883333355,4.883333355,0.333333343,0,1.133333355,4.883333355
74.3,74300,0,2.950000003,2.950000003,2.950000003,0,0,0.200000003,2.950000003
74.4,74400,0,1.75,1.75,1.75,0,0,0,1.75
74.5,74500,0,1.75,1.75,1.75,0,0,0,1.75
74.6,74600,0,1.5,1.5,1.5,0,0,0,1.5
74.7,74700,0,1.25,1.25,1.25,0,0,0,1.25
74.8,74800,0,2,2,2,0,0,0,2
74.9,74900,0,12.25,12.25,12.25,0.5,0,0.5,12.25
75,75000,0,11.25,11.25,11.25,2.5,0,0.5,11.25
75.1,75100,0,9.5,9.5,9.5,0,0,0,9.5
75.2,75200,0,24.71666668,24.71666668,24.71666668,0.966666684,0,0.166666672,24.71666668
75.3,75300,0,24.64285716,24.64285716,24.64285716,0.642857164,0.142857149,0.642857164,24.64285716
75.4,75400,0,24.202381,24.202381,24.202381,1.452381,0.285714298,1.452381,24.202381
75.5,75500,0,8.583333343,29.8166673,29.8166673,0.900000021,0.166666672,0.900000021,29.8166673
75.6,75600,0,5.416666672,29.7500007,29.7500007,2.500000045,0.333333343,2.500000045,29.7500007
75.7,75700,0,8.928571463,28.3952387,28.3952387,2.395238161,1.095238134,2.395238161,28.3952387
75.8,75800,0,8.769047663,28.18571487,28.18571487,3.602381021,1.519047663,1.552380994,28.18571487
75.9,75900,0,7.461904824,27.24523868,27.24523868,6.2452382,1.795238152,2.761904836,27.24523868
76,76000,0,7.280952558,20.51428598,20.51428598,20.51428598,3.714285806,6.947619215,20.51428598
76.1,76100,0,7.752381116,20.78571454,20.78571454,20.78571454,2.719047695,6.385714427,20.78571454
76.2,76200,0,0.842857167,2.692857191,2.692857191,2.692857191,1.009523839,1.376190513,2.692857191
76.3,76300,0,2.428571492,2.428571492,2.428571492,2.428571492,0.928571463,0.928571463,2.428571492
76.4,76400,0,1.900000036,1.900000036,1.900000036,8.233333409,3.166666716,3.000000045,1.900000036
76.5,76500,0,0.566666678,0.566666678,0.566666678,9.400000021,2.500000015,0.833333343,0.566666678
76.6,76600,0,1.595238149,1.595238149,1.595238149,4.095238179,1.428571478,4.095238179,1.595238149
76.7,76700,0,0.476190493,0.476190493,0.476190493,4.476190552,2.142857209,4.476190552,0.476190493
76.8,76800,0,1.285714343,1.285714343,1.285714343,3.285714403,3.285714403,3.285714403,1.285714343
76.9,76900,0,1.009523839,1.009523839,1.009523839,1.642857164,1.976190507,8.342857182,1.009523839
77,77000,0,7.628571615,7.628571615,7.628571615,12.09523822,11.26190491,46.12857167,7.628571615
77.1,77100,0,4.728571549,4.728571549,4.728571549,11.76190497,15.5952383,53.7285717,4.728571549
77.2,77200,0,21.42619069,21.42619069,21.42619069,2.309523895,6.109523952,5.876190633,21.42619069
77.3,77300,0,1.100000009,1.100000009,1.100000009,0,0.400000006,0.200000003,1.100000009
77.4,77400,0,0.509523824,0.509523824,0.509523824,0.309523821,0.142857149,0.509523824,0.509523824
77.5,77500,0,0.900000006,0.900000006,0.900000006,0,0.200000003,0.200000003,0.900000006
77.6,77600,0,0.5,0.5,0.5,0,0,0,0.5
77.7,77700,0,1.200000003,1.200000003,1.200000003,0,0.200000003,0,1.200000003
77.8,77800,0,1.292857155,1.292857155,1.292857155,0.142857149,0.542857155,0.142857149,1.292857155
77.9,77900,0,5.25,0.25,0.25,0,0,0,0.25
78,78000,0,8.25,0.25,0.25,0,0,0,0.25
78.1,78100,0,16.75000001,0.916666672,0.916666672,3.000000015,15.33333334,0.166666672,0.916666672
78.2,78200,0,40.75952384,4.092857152,4.092857152,1.809523836,13.00952384,0.142857149,4.092857152
78.3,78300,0,45.95,4.950000003,4.950000003,1,10.2,0,4.950000003
78.4,78400,0,52.65000002,3.316666678,3.316666678,3.000000015,8.400000021,0,3.316666678
78.5,78500,0,44.08333334,2.25,2.25,3.333333343,3.833333343,0,2.25
78.6,78600,0,55.58333334,1.75,1.75,5.333333343,2.833333343,0,1.75
78.7,78700,0,7.600000009,7.600000009,7.600000009,7.900000006,3.700000003,0,7.600000009
78.8,78800,0,9.092857167,9.092857167,9.092857167,4.67619051,0.476190493,1.476190507,9.092857167
78.9,78900,0,23.97619054,23.97619054,23.97619054,2.976190537,0.642857164,0.476190493,23.97619054
79,79000,0,7.450000048,7.450000048,7.450000048,2.700000048,0.333333343,0.166666672,7.450000048
79.1,79100,0,6.061904877,6.061904877,6.061904877,6.061904877,0.428571448,1.261904806,6.061904877
79.2,79200,0,8.719047785,8.719047785,8.719047785,8.719047785,0.785714313,1.619047672,8.719047785
79.3,79300,0,5.90000011,5.90000011,5.90000011,5.90000011,1.00000003,0.500000015,5.90000011
79.4,79400,0,9.535714373,9.535714373,9.535714373,2.785714373,2.785714373,0.285714298,9.535714373
79.5,79500,0,9.000000104,9.000000104,9.000000104,3.500000104,3.500000104,0,9.000000104
79.6,79600,0,4.142857179,4.142857179,4.142857179,4.142857179,4.142857179,0.142857149,4.142857179
79.7,79700,0,2.916666687,2.916666687,2.916666687,5.666666687,5.666666687,0,2.916666687
79.8,79800,0,9.500000015,9.500000015,9.500000015,6.000000015,6.000000015,0,9.500000015
79.9,79900,0,8.000000045,8.000000045,8.000000045,6.500000045,6.500000045,0,8.000000045
80,80000,0,10.35000005,10.35000005,10.35000005,14.60000005,4.00000003,0,10.35000005
80.1,80100,0,10,10,10,2,0,0,10
80.2,80200,0,8.833333358,8.833333358,8.833333358,10.83333336,2.166666672,0.666666672,8.833333358
80.3,80300,0,8.100000024,8.100000024,8.100000024,17.43333337,2.000000015,1.166666687,8.100000024
80.4,80400,0,24.06666672,24.06666672,24.06666672,2.13333337,0.900000021,0.700000018,24.06666672
80.5,80500,0,24.40000004,24.40000004,24.40000004,0.733333349,1.300000027,0.366666675,24.40000004
80.6,80600,0,23.5095239,23.5095239,23.5095239,3.542857215,1.542857185,0.876190498,23.5095239
80.7,80700,0,23.9333334,23.9333334,23.9333334,2.233333379,0.566666678,1.466666698,23.9333334
80.8,80800,0,24.16666672,24.16666672,24.16666672,2.966666713,0.366666675,0,24.16666672
80.9,80900,0,0,0,0,0,0,0,0
81,81000,0,0,0,0,0,0,0,0
81.1,81100,12,0,0,0,0,0,0,0
81.2,81200,98,0,0,0,0,0,0,0
81.3,81300,100,0,0,0,0,0,0,0
81.4,81400,100,0,0,0,0,0,0,0
81.5,81500,100,0,0,0,0,0,0,0
81.6,81600,100,0,0,0,0,0,0,0
81.7,81700,100,0,0,0,0,0,0,0
81.8,81800,100,0,0,0,0,0,0,0
81.9,81900,100,0,0,0,0,0,0,0
82,82000,100,0,0,0,0,0,0,0
82.1,82100,100,0,0,0,0,0,0,0
82.2,82200,100,0,0,0,0,0,0,0
82.3,82300,100,0,0,0,0,0,0,0
82.4,82400,95,0,0,0,0,0,0,0
82.5,82500,29,0,0,0,0,0,0,0
82.6,82600,0,0,0,0,0,0,0,0
82.7,82700,0,0,0,0,0,0,0,0
82.8,82800,0,0,0,0,0,0,0,0
82.9,82900,0,0,0,0,0,0,0,0
83,83000,0,3.166666672,3.166666672,3.166666672,0.166666672,0,0.166666672,3.166666672
83.1,83100,0,5.333333343,5.333333343,5.333333343,0.333333343,0,0.333333343,5.333333343
83.2,83200,0,2,2,2,0,0,0,2
83.3,83300,0,0,0,0,0,0,0,0
83.4,83400,0,1.5,4.166666746,4.166666746,0,0,0,4.166666746
83.5,83500,0,0.25,0.916666687,0.916666687,0,0,0,0.916666687
83.6,83600,0,0.5,0.833333343,0.833333343,0.666666687,0.666666687,0.666666687,0.833333343
83.7,83700,0,0,1.666666716,1.666666716,0,0,0,1.666666716
83.8,83800,0,0,1.00000003,1.00000003,0,0,0,1.00000003
83.9,83900,0,0,0.333333343,0.333333343,0,0,0,0.333333343
84,84000,0,0,1.333333373,1.333333373,0,0,0,1.333333373
84.1,84100,0,0.75,2.083333373,2.083333373,0.333333343,0.333333343,0.333333343,2.083333373
84.2,84200,0,1,1,1,0.333333343,0.333333343,0.333333343,1
84.3,84300,0,8.547619104,8.547619104,8.547619104,1.547619104,0.714285746,1.547619104,8.547619104
84.4,84400,0,10.66666667,10.66666667,10.66666667,0.166666672,0,0.166666672,10.66666667
84.5,84500,0,24.22619052,24.22619052,24.22619052,1.476190522,0.142857149,1.476190522,24.22619052
84.6,84600,0.366666675,24.86666667,24.86666667,24.86666667,0.166666672,0,0,24.86666667
84.7,84700,0,25,25,25,0,0,0,25
84.8,84800,0,24.86666667,24.86666667,24.86666667,0.366666675,0,0.166666672,24.86666667
84.9,84900,0,25,25,25,0,0,0,25
85,85000,0,24.86666667,24.86666667,24.86666667,0.366666675,0.166666672,0,24.86666667
85.1,85100,0,24.83333334,24.83333334,24.83333334,0.333333343,0,0.333333343,24.83333334
85.2,85200,0.542857155,24.6261905,24.6261905,24.6261905,0.476190493,0.476190493,0,24.6261905
85.3,85300,0.200000003,24.61666669,24.61666669,24.61666669,0.666666687,0.666666687,0,24.61666669
85.4,85400,0,2.642857149,2.642857149,2.642857149,0.142857149,0.142857149,4.142857149,2.642857149
85.5,85500,0,1.333333343,1.333333343,1.333333343,0.666666687,0.666666687,18.33333334,1.333333343
85.6,85600,2,0.392857149,0.392857149,0.392857149,0.809523836,0.809523836,2.809523836,0.392857149
85.7,85700,1,0.666666672,0.666666672,0.666666672,1.333333358,1.333333358,2.666666687,0.666666672
85.8,85800,0,0.25,0.25,0.25,1.50000003,1.50000003,5.00000003,0.25
85.9,85900,0,0,0,0,1.00000003,1.00000003,3.00000003,0
86,86000,0,0,0,0,0,0,1,0
86.1,86100,0,0,0,0,0,0,7,0
86.2,86200,1.25,1.392857149,1.392857149,1.392857149,1.059523836,1.059523836,1.059523836,1.392857149
86.3,86300,0,0.75,0.75,0.75,0.333333343,0.333333343,0.333333343,0.75
86.4,86400,0,9.642857149,9.642857149,9.642857149,0.142857149,0.142857149,0.142857149,9.642857149
86.5,86500,0,4,4,4,0,0,0,4
86.6,86600,0,4.25,4.25,4.25,0,0,0,4.25
86.7,86700,0,0.25,0.25,0.25,0,0,0,0.25
86.8,86800,0,0.5,0.5,0.5,0,0,0,0.5
86.9,86900,0,0,0,0,0,0,0,0
87,87000,0,0.25,0.25,0.25,0,0,0,0.25
87.1,87100,0,0,0.333333343,0.333333343,0,0,0,0.333333343
87.2,87200,0,0,0.333333343,0.333333343,0,0,0,0.333333343
87.3,87300,0,0,0,0,0,0,0,0
87.4,87400,0,0.25,0.583333343,0.583333343,0,0,0,0.583333343
87.5,87500,0,2,5.333333433,5.333333433,0,0,0,5.333333433
87.6,87600,0,6.5,14.1666669,14.1666669,0,0,0,14.1666669
87.7,87700,0,4.75,4.75,4.75,0,0,0,4.75
87.8,87800,0,0.25,0.25,0.25,0,1,0,1.25
87.9,87900,0,0,0,0,0,2,1,0
88,88000,0,0.75,0.75,0.75,0.333333343,8.583333343,0.333333343,0.5
88.1,88100,0,0.25,0.25,0.25,0,7,0,1.25
88.2,88200,0,0,0,0,1,1,3,0
88.3,88300,0,0,0,0,8,3,5,0
88.4,88400,0,0,0,0,35.16666669,14.66666669,27.16666669,0
88.5,88500,0,0,0,0,62.3333334,14.8333334,22.8333334,0
88.6,88600,0,0.416666672,0.416666672,0.416666672,63.66666667,7,21.66666667,0.416666672
88.7,88700,0,0.366666675,0.366666675,0.366666675,56.53333336,2.666666687,28.33333336,0.366666675
88.8,88800,0,0.200000003,0.200000003,0.200000003,36.86666669,10.66666669,40.66666669,0.200000003
88.9,88900,0,1.100000009,1.100000009,1.100000009,41.60000004,6.50000003,36.50000003,1.100000009
89,89000,0,0.583333343,0.583333343,0.583333343,13.83333337,19.83333337,2.00000003,0.583333343
89.1,89100,0,0,0,0,2.833333343,21.33333334,1.833333343,0
89.2,89200,0,0.400000006,0.400000006,0.400000006,1.5,18.90000001,1,0.400000006
89.3,89300,0,1.316666678,1.316666678,1.316666678,2.5,17.56666668,2.666666672,1.316666678
89.4,89400,0,2.652380973,2.652380973,2.652380973,0.485714301,5.95238097,5.95238097,2.652380973
89.5,89500,0,5.35714303,5.35714303,5.35714303,0.857142895,5.35714303,5.35714303,5.35714303
89.6,89600,0,5.500000194,5.500000194,5.500000194,2.000000089,5.500000194,5.500000194,5.500000194
89.7,89700,0,7.095238358,7.095238358,7.095238358,3.428571582,7.095238358,7.095238358,7.095238358
89.8,89800,0,15.88095292,15.88095292,15.88095292,4.714285925,15.88095292,15.88095292,15.88095292
89.9,89900,0,14.28571492,14.28571492,14.28571492,14.28571492,14.28571492,14.28571492,14.28571492
90,90000,0,14.28571492,14.28571492,14.28571492,14.28571492,14.28571492,14.28571492,14.28571492
90.1,90100,0,15.78571483,15.78571483,15.78571483,15.78571483,15.78571483,5.285714522,15.78571483
90.2,90200,0,5.380952567,5.380952567,5.380952567,5.380952567,5.380952567,1.714285791,5.380952567
90.3,90300,0,4.71428588,4.71428588,4.71428588,4.71428588,4.71428588,1.714285791,4.71428588
90.4,90400,0,2.166666746,2.166666746,2.166666746,15.00000018,15.00000018,4.333333477,2.166666746
90.5,90500,0,1.609523833,1.609523833,1.609523833,9.476190627,9.476190627,30.60952397,1.609523833
90.6,90600,0,0.666666672,0.666666672,0.666666672,6.833333418,6.833333418,22.66666675,0.666666672
90.7,90700,0,0,0,0,1.50000003,1.50000003,10.00000003,0
90.8,90800,0,0,0,0,0.333333343,0.333333343,1.333333343,0
90.9,90900,0,0,0,0,0.333333343,0.333333343,6.333333343,0
91,91000,0,0,0,0,0.333333343,0.333333343,1.333333343,0
91.1,91100,0,0,0,0,0,0,2,0
91.2,91200,0,0,0,0,0,0,2,0
91.3,91300,0,0,0,0,0.333333343,0.333333343,0.333333343,0
91.4,91400,0,0,0,0,0,0,0,0
91.5,91500,0,0,0,0,0,1,1,0
91.6,91600,0,0.25,0.25,0.25,0,1,5,0.25
91.7,91700,0,0.25,0.916666687,0.916666687,0.333333343,0.333333343,3.333333343,0.916666687
91.8,91800,0,0,0.833333343,0.833333343,1.5,21,0.5,0.333333343
91.9,91900,0,0.333333343,0.666666687,0.666666687,1,28,1,0.333333343
92,92000,0,1.833333373,6.00000006,6.00000006,0,3,0,1.166666687
92.1,92100,0,1.75000003,3.833333373,3.833333373,0,0.25,0,1.333333343
92.2,92200,0,4.500000089,12.91666681,12.91666681,0,3.25,0,3.416666716
92.3,92300,0,6.033333465,14.86666693,14.86666693,0,1.200000003,0,6.033333465
92.4,92400,0,4.916666776,4.916666776,4.916666776,0,0,0,1.25
92.5,92500,0,4.833333433,4.833333433,4.833333433,0,1,0,1.5
92.6,92600,0,8.166666672,8.166666672,8.166666672,0,0.166666672,0.166666672,8.166666672
92.7,92700,0,8.75,8.75,8.75,0,0,0,8.75
92.8,92800,0,7.726190493,7.726190493,7.726190493,0.142857149,0.476190493,0.476190493,7.726190493
92.9,92900,0,9.25,9.25,9.25,0,0,0,9.25
93,93000,0,13.2,13.2,13.2,0,0.200000003,0,13.2
93.1,93100,0,2,2,2,0,2,1,2
93.2,93200,0,1.666666672,1.666666672,1.666666672,0.666666672,3.166666672,4.5,1.666666672
93.3,93300,0,0.75,0.75,0.75,0,6,0,0.75
93.4,93400,0,0,0,0,0,1,1,0
93.5,93500,0,0,0,0,0,1,0,0
93.6,93600,0,0,0,0,1.5,0.5,1,0
93.7,93700,0,0,0,0,1,0,0,0
93.8,93800,0,0,0,0,1.833333343,1.333333343,1.833333343,0
93.9,93900,0,0.25,0.25,0.25,2.333333343,1.333333343,0.333333343,0.25
94,94000,0,0,0,0,2.333333343,0.333333343,0.333333343,0
94.1,94100,0,0.583333343,0.583333343,0.25,0,0,2,0.583333343
94.2,94200,0,1.00000003,1.00000003,0,0,0,13,1.00000003
94.3,94300,0,1.00000003,1.00000003,0,0,0,5,1.00000003
94.4,94400,0,1.416666701,1.416666701,0.416666672,0.166666672,0,6.166666672,1.416666701
94.5,94500,0,2.166666716,2.166666716,0.25,0,0,27.25,2.166666716
94.6,94600,0,0.533333346,0.533333346,0,1,0.200000003,24.2,0.533333346
94.7,94700,0,1.25000003,1.25000003,0.25,0,0,15,1.25000003
94.8,94800,0,0.75,0.75,0.75,0,0,15,0.75
94.9,94900,0,1.816666678,1.816666678,1.816666678,0.666666672,0.5,26.56666668,1.816666678
95,95000,0,1.5,1.5,1.5,0,0.5,8.5,1.5
95.1,95100,0,1,1,1,0.5,0,34.5,1
95.2,95200,0,1.25,1.25,1.25,0,0,5,1.25
95.3,95300,0,2.75,2.75,2.75,0.333333343,0.833333343,3.833333343,2.75
95.4,95400,0,24.75952382,24.75952382,24.75952382,0.142857149,0.309523821,0.509523824,24.75952382
95.5,95500,0,24.56666669,24.56666669,24.56666669,0,0.666666687,1.066666692,24.56666669
95.6,95600,0,24.50000003,24.50000003,24.50000003,0.166666672,0.333333343,1.50000003,24.50000003
95.7,95700,0,3.950000003,3.950000003,3.950000003,0,0,0.200000003,3.950000003
95.8,95800,0,4.600000009,4.600000009,4.600000009,0.400000006,0,0.200000003,4.600000009
95.9,95900,0,2.166666672,2.166666672,2.166666672,0,0.166666672,0.166666672,2.166666672
96,96000,0,1.033333346,1.033333346,1.033333346,0.533333346,0,0.333333343,1.033333346
96.1,96100,0,0.5,0.5,0.5,1,1,0,0.5
96.2,96200,0,0.25,0.25,0.25,0.5,1,0.5,0.25
96.3,96300,0,1,1,1,1,0,0,1
96.4,96400,0,0.5,0.5,0.5,2.5,0.5,0,0.5
96.5,96500,0,3.5,3.5,3.5,0,0,0,3.5
96.6,96600,0,2.700000003,2.700000003,2.700000003,2.200000003,0,0,2.700000003
96.7,96700,0,0.5,0.5,0.5,1,0,0,0.5
96.8,96800,0,0.5,0.5,0.5,0,0,0,0.5
96.9,96900,0,1.25,1.25,1.25,0,0,0,1.25
97,97000,0,0.75,1.083333343,1.083333343,0,0,0,1.083333343
97.1,97100,0,0.75,1.75000003,1.75000003,0,0,0,1.75000003
97.2,97200,0,0.450000003,2.450000063,2.450000063,0,0,0.200000003,2.450000063
97.3,97300,0.25,0,0.583333343,0.583333343,0,0,0,0.583333343
97.4,97400,0,0.642857149,1.142857164,1.142857164,0.309523821,0.309523821,0.309523821,1.142857164
97.5,97500,4.203571513,8.560714319,26.40595293,26.40595293,2.672619149,2.672619149,2.672619149,26.40595293
97.6,97600,2.560714304,11.6678572,26.53690523,26.53690523,2.053571492,2.053571492,2.053571492,26.53690523
97.7,97700,2.703571454,8.917857155,27.59642909,27.59642909,1.863095298,1.863095298,1.863095298,27.59642909
97.8,97800,0.825000003,24.21785715,24.21785715,24.21785715,0.767857149,0.767857149,0.767857149,24.21785715
97.9,97900,3.925000057,23.92500006,23.92500006,23.92500006,0.125,0.125,0.125,23.92500006
98,98000,3.400000051,24.15000005,24.15000005,24.15000005,0,0,0,24.15000005
98.1,98100,3.325000048,24.07500005,24.07500005,24.07500005,0.125,0.125,0.125,24.07500005
98.2,98200,2.650000006,29.70952441,29.70952441,29.70952441,0.142857149,0.142857149,0.142857149,7.792857155
98.3,98300,2.075000018,29.57500063,29.57500063,29.57500063,0.291666672,0.291666672,0.291666672,8.325000018
98.4,98400,0.450000003,29.53333388,29.53333388,29.53333388,0,0,0,10.95
98.5,98500,0,1.00000003,1.00000003,1.00000003,0,0,0,0
98.6,98600,0,2.166666716,2.166666716,2.166666716,0,0,0,0.5
98.7,98700,0,1.25000003,1.25000003,1.25000003,0,0,0,0.25
98.8,98800,0,1.916666716,1.916666716,1.916666716,0,0,0,0.25
98.9,98900,0,1.75000003,1.75000003,1.75000003,0,0,0,0.75
99,99000,0,11.25,1.25,1.25,0,0,0,1.25
99.1,99100,0.200000003,11.7,0.700000003,0.700000003,0,0,0,0.700000003
99.2,99200,0.600000009,10.05000001,1.050000012,1.050000012,0,0.200000003,0,1.050000012
99.3,99300,1.966666698,67.73333341,8.066666722,8.066666722,1.333333343,3.866666704,0.900000021,8.066666722
99.4,99400,0.200000003,70.71666671,8.216666684,8.216666684,2.366666704,1.733333364,0.333333343,8.216666684
99.5,99500,0,65.43333335,10.60000001,10.60000001,0.5,1.733333349,0.533333346,10.60000001
99.6,99600,0,66.50000006,9.166666687,9.166666687,0.333333343,4.50000006,1.166666701,9.166666687
99.7,99700,0,65.17857151,9.095238134,9.095238134,1.178571448,3.178571507,3.178571507,9.095238134
99.8,99800,0,23.9880953,23.9880953,23.9880953,0.571428597,1.738095298,1.738095298,23.9880953
99.9,99900,0,9.035714298,9.035714298,9.035714298,0.285714298,0.285714298,0.285714298,9.035714298
100,100000,0,3.5,3.5,3.5,0,0,0,3.5
100.1,100100,0,1.642857149,5.976190612,5.976190612,0.142857149,0.142857149,0.142857149,5.976190612
100.2,100200,0,0.25,1.25000003,1.25000003,0,0,0,1.25000003
100.3,100300,0,1,1.666666687,1.666666687,0,0,0,1.666666687
100.4,100400,0,0.5,0.833333343,0.833333343,0,0,0,0.833333343
100.5,100500,0,0,0.333333343,0.333333343,0,0,0,0.333333343
100.6,100600,0,0.25,0.583333343,0.583333343,0,0,0,0.583333343
100.7,100700,0,0.5,0.75,0.75,3.25,0,0,0.75
100.8,100800,0,1.25,5.583333462,5.583333462,7.5,0.5,0,5.583333462
100.9,100900,0,2.5,2.5,2.5,8,1,0,2.5
101,101000,0,9.5,9.5,9.5,4,1,0,9.5
101.1,101100,0,24.73333335,24.73333335,24.73333335,0.733333349,0.333333343,0,24.73333335
101.2,101200,0,25,25,25,0,0,0,25
101.3,101300,0,23.33333343,23.33333343,23.33333343,3.333333433,3.333333433,0,23.33333343
101.4,101400,0,1,1,1,0,0,0,1
101.5,101500,0,2.200000003,2.200000003,2.200000003,0,0.200000003,0,2.200000003
101.6,101600,0,2.25,2.25,2.25,0,0,0,2.25
101.7,101700,0,1.5,1.5,1.5,0,0,0,1.5
101.8,101800,0,2.416666672,2.416666672,2.416666672,0,0.166666672,0.166666672,2.416666672
101.9,101900,0,1.416666672,1.416666672,1.416666672,0,0.166666672,0.166666672,1.416666672
102,102000,0,1.75,1.75,1.75,0,0,0,1.75
102.1,102100,0,2.416666672,2.416666672,2.416666672,0,0.166666672,0.166666672,2.416666672
102.2,102200,0,24.67857145,24.67857145,24.67857145,0.428571448,0.428571448,0.428571448,24.67857145
102.3,102300,0,24.95,24.95,24.95,0.200000003,0,0,24.95
102.4,102400,0,3.5,32.16666752,32.16666752,0,0,0,32.16666752
102.5,102500,0,2.5,32.50000089,32.50000089,0,0,0,32.50000089
102.6,102600,0,4.25,31.91666749,31.91666749,0,0,0,31.91666749
102.7,102700,0,4,31.83333415,31.83333415,0.5,0,0,31.83333415
102.8,102800,0,5.5,31.50000077,31.50000077,0,0,0,31.50000077
102.9,102900,0,2.75,32.41666755,32.41666755,0,0,0,32.41666755
103,103000,0,3.25,32.25000086,32.25000086,0,0,0,32.25000086
103.1,103100,0,1,4.583333433,4.583333433,0,1.25,0,4.583333433
103.2,103200,0,3.25,3.25,3.25,0,0,0,3.25
103.3,103300,0,4.75,4.75,4.75,0,0,0,4.75
103.4,103400,0,2.75,2.75,2.75,0,0,0,2.75
103.5,103500,0,0.75,0.75,0.75,0,0,0,0.75
103.6,103600,0,1.5,0.5,1.5,0,0,0,0.5
103.7,103700,0,4,0.5,4,0,0,0,0.5
103.8,103800,0,1.5,0.5,1.5,0,0,0,0.5
103.9,103900,0,12.75,3.75,12.75,0,0,0,3.75
104,104000,0,15.5,4.5,15.5,0,0,0,4.5
104.1,104100,0,5,2,5,0,0,0,2
104.2,104200,0,16,6,16,0,0,0,6
104.3,104300,0,18,4,18,0,0,0,4
104.4,104400,0,11,11,11,0,0,0,11
104.5,104500,0,4.75,4.75,4.75,0,0,0,4.75
104.6,104600,0,0,0,0,0,0,0,0
104.7,104700,0,0.25,0.25,0.25,0,0,0,0.25
104.8,104800,0,0.25,0.25,0.25,0,0.25,0,0
104.9,104900,0,0.833333343,0.833333343,0.833333343,0,0,0,0.5
105,105000,0,1.583333373,1.583333373,1.583333373,0,0,0,0.25
105.1,105100,0,2.416666716,2.416666716,2.416666716,0,0,0,0.75
105.2,105200,0,1.25000003,1.25000003,1.25000003,0,0,0,0.25
105.3,105300,0,2.583333373,2.583333373,2.583333373,0,0,0,1.25
105.4,105400,0,30.08333394,30.08333394,30.08333394,0,0,0,9.75
105.5,105500,0,30.41666731,30.41666731,30.41666731,0,0,0,8.75
105.6,105600,0,25,25,25,0,0,0,25
105.7,105700,0,23.66666675,23.66666675,23.66666675,2.166666746,2.166666746,1.000000045,23.66666675
105.8,105800,0,21.20238118,21.20238118,21.20238118,6.452381179,6.452381179,2.285714388,21.20238118
105.9,105900,0,64.64285722,9.726190507,9.726190507,2.892857224,2.892857224,0.392857149,9.726190507
106,106000,0,58.2,3.700000003,3.700000003,1,3.200000003,0.5,3.700000003
106.1,106100,0,57.75,3.75,3.75,0,1,0,3.75
106.2,106200,0,57,3.5,3.5,0,2.5,0,3.5
106.3,106300,0,54.58333334,4.75,4.75,0.333333343,1.833333343,0,4.75
106.4,106400,0,52.5,3.5,3.5,0,0,0,3.5
106.5,106500,0,55.75,2.25,2.25,0,0.5,0,2.25
106.6,106600,0,52,2,2,0.5,1.5,0,2
106.7,106700,0,10.7,10.7,10.7,0,4.200000003,0,10.7
106.8,106800,0,24.95,24.95,24.95,0,0.200000003,0,24.95
106.9,106900,0,25,25,25,0,0,0,25
107,107000,0,25,25,25,0,0,0,25
107.1,107100,0,25,25,25,0,0,0,25
107.2,107200,0,1.166666687,0.666666687,0.666666687,0,0,0,2.5
107.3,107300,0,0,0,0,0,0,0,0
107.4,107400,0,0,0,0,1,0,0,0
107.5,107500,0,0,0,0,4,0,0,0
107.6,107600,0,0.25,0.25,0.25,3,0,0,0.25
107.7,107700,0,0,0,0,1,1,0,0
107.8,107800,0,0,0,0,7,1,0,0
107.9,107900,0,0,0,0,23,4,0,0
108,108000,0,0,0,0,3,4,0,0
108.1,108100,0,2.416666716,2.416666716,2.416666716,0.5,25.5,0,0.75
108.2,108200,0,2.116666704,2.116666704,2.116666704,1.866666675,33.86666667,0,0.916666672
108.3,108300,0,2.150000036,2.150000036,2.150000036,1.400000006,26.40000001,0,0.75
108.4,108400,0,3.30952388,3.30952388,3.30952388,1.809523821,33.80952382,0.142857149,1.309523821
108.5,108500,0,0.750000015,0.750000015,0.750000015,0.666666672,38.66666667,0,0.416666672
108.6,108600,0,0.916666687,0.916666687,0.916666687,1.5,39.5,0,0.25
108.7,108700,0,6.857143164,6.857143164,6.857143164,6.857143164,6.857143164,6.857143164,6.857143164
108.8,108800,0,14.28571492,14.28571492,14.28571492,14.28571492,14.28571492,14.28571492,14.28571492
108.9,108900,0,14.28571492,14.28571492,14.28571492,14.28571492,14.28571492,14.28571492,14.28571492
109,109000,0,14.28571492,14.28571492,14.28571492,14.28571492,14.28571492,14.28571492,14.28571492
109.1,109100,0,14.28571492,14.28571492,14.28571492,14.28571492,14.28571492,14.28571492,14.28571492
109.2,109200,0,15.88095292,15.88095292,15.88095292,15.88095292,15.88095292,4.714285925,15.88095292
109.3,109300,0,15.71428627,15.71428627,15.71428627,15.71428627,15.71428627,5.71428597,15.71428627
109.4,109400,0,18.5095242,18.5095242,18.5095242,18.5095242,18.5095242,7.309524029,0.142857149
109.5,109500,0,18.8333337,18.8333337,18.8333337,18.8333337,18.8333337,5.833333507,0
109.6,109600,0,0,0,0,0,20,0,0
109.7,109700,0,0,0,0,0,59,0,0
109.8,109800,0,0,0,0,0,54,0,0
109.9,109900,0,0,0,0,0,97,0,0
110,110000,0,0,0,0,0,95,0,0
110.1,110100,0,0,0,0,0,87,0,0
110.2,110200,0,0,0,0,0,87,0,0
110.3,110300,0,0,0,0,0,88,0,0
110.4,110400,0,0,0,0,0,96,0,0
110.5,110500,0,0,0,0,0,88,0,0
110.6,110600,0,0,0,0,0,90,0,0
110.7,110700,0,0,0,0,6,1,2,0
110.8,110800,0,0,0,0,3,0,0,0
110.9,110900,0,1.666666716,1.666666716,1.666666716,0,0,0,9
111,111000,0,2.00000006,2.00000006,2.00000006,0,0,0,2
111.1,111100,0,0,0,0,0,0,0,6
111.2,111200,0,1.00000003,1.00000003,1.00000003,0,0,0,4
111.3,111300,0,1.666666716,1.666666716,1.666666716,0,0,0,7
111.4,111400,0,1.75,1.75,1.75,0,0,0,1.75
111.5,111500,0,1.75,1.75,1.75,0,0,0,1.75
111.6,111600,0,0,0,0,0.5,18.5,0,0
111.7,111700,0,0,0,0,0.5,6.5,0,0
111.8,111800,0,0,0,0,0,8,0,0
111.9,111900,0,0,0,0,0,0,0,0
112,112000,0,0,0,0,0,1,0,0
112.1,112100,0,0,0,0,0,1,0,0
112.2,112200,0,0,0,0,0,14,0,0
112.3,112300,0,0,0,0,0,2,0,0
112.4,112400,0,0,0,0,0,0,0,0
112.5,112500,0,0.25,0.25,0.25,0,1,0,0.25
112.6,112600,0,0,0,0,0,1,0,0
112.7,112700,0,0,0,0,0,9,0,0
112.8,112800,0,0,0,0,0,21,2,0
112.9,112900,0,0,0,0,0,4,0,0
113,113000,0,0,0,0,0,11,1,0
113.1,113100,0,0,0,0,0,2,0,0
113.2,113200,0,0,0,0,0,39.5,20.5,0
113.3,113300,0,0,0,0,0,15,4,0
113.4,113400,0,0,0,0,0,8.5,2.5,0
113.5,113500,0,0,0,0,0,0,0,0
113.6,113600,0,0,0,0,0,0,0,0
113.7,113700,0,0,0,0,0,0,0,0
113.8,113800,0,0,0,0,0,0,0,0
113.9,113900,0,0,0,0,0,0,0,0
114,114000,0,0,0,0,0,0,0,0
114.1,114100,0,0,0,0,0,0,0,0
114.2,114200,0,0,0,0,0,0,0,0
114.3,114300,0,0,0,0,0,0,0,0
114.4,114400,0,0,0,0,0,0,0,0
114.5,114500,0,0,0,0,0,0.5,11.5,0
114.6,114600,0,0,0,0,0,18,0,0
114.7,114700,0,0,0,0,0,10,0,0
114.8,114800,0,0,0,0,0,1,0,0
114.9,114900,0,0,0,0,4,8,0,0
115,115000,0,0,0,0,2,5,0,0
115.1,115100,0,0,0,0,10,3,0,0
115.2,115200,0,0,0,0,4,5,0,0
115.3,115300,0,0,0,0,2,0,0,0
115.4,115400,0,0,0,0,1,1,0,0
115.5,115500,0,0,0,0,0,0,0,0
115.6,115600,0,0,0,0,4,5,0,0
115.7,115700,0,0,0,0,3,4,0,0
115.8,115800,0,0.25,0.25,0.25,2,15,1,0.25
115.9,115900,0,0,0,0,2,40,0,0
116,116000,0,1.25,1.25,1.25,0,30,0,1.25
116.1,116100,0,0.25,0.25,0.25,1,13,0,0.25
116.2,116200,0,2,2,2,4,6,1,2
116.3,116300,0,1.5,1.5,1.5,4.5,26,2.5,1.5
116.4,116400,0,1.5,1.5,1.5,0,1,1,1.5
116.5,116500,0,1.25,1.25,1.25,0,0,0,1.25
116.6,116600,0,1.333333373,1.333333373,1.333333373,0,0,0,0
116.7,116700,0,5.666666836,5.666666836,5.666666836,0,0,0,0
116.8,116800,0,1.00000003,1.00000003,1.00000003,0,0,0,0
116.9,116900,0,0,0,0,0,0,0,0
117,117000,0,0,0,0,0,0,0,0
117.1,117100,0,0,0,0,0,0,0,0
117.2,117200,0,0,0,0,0,0,0,0
117.3,117300,0,0,0,0,0,0,0,0
117.4,117400,0,0,0,0,0,0,0,0
117.5,117500,0,0,0,0,0,0,0,0
117.6,117600,0,0,0,0,0,0,0,0
117.7,117700,0,0,0,0,0,0,0,0
117.8,117800,0,0,0,4,0,0,0,0
117.9,117900,0,2.333333343,2.833333343,1.833333343,1,0,0,1
118,118000,0,0.333333343,1.333333343,0.333333343,0,0,0,0
118.1,118100,0,9.833333343,6.833333343,1.333333343,0,0,0,0
118.2,118200,0,12.66666669,13.66666669,0.666666687,0,0,0,0
118.3,118300,0,11.33333334,19.83333334,0.833333343,0,0,0,0
118.4,118400,0,14.5,18.5,0,0,0,0,0
118.5,118500,0,5.583333403,23.91666675,8.916666746,0,0,0,0.583333343
118.6,118600,0,13.16666695,13.16666695,3.5,0,0,0,13.16666695
118.7,118700,0,30.0000006,30.0000006,10,0,0,0,30.0000006
118.8,118800,0,30.0000006,30.0000006,9.75,0.25,0,0,30.0000006
118.9,118900,0,24.81666668,24.81666668,24.81666668,0,0.166666672,0.566666678,24.81666668
119,119000,0,24.75000001,24.75000001,24.75000001,0,0,1.000000015,24.75000001
119.1,119100,0,22.71904776,22.71904776,22.71904776,0.785714313,0.619047642,7.719047755,22.71904776
119.2,119200,0,23.90952387,23.90952387,23.90952387,1.309523851,0.142857149,2.909523875,23.90952387
119.3,119300,0,24.5261905,24.5261905,24.5261905,0.476190493,0.142857149,1.276190504,24.5261905
119.4,119400,0,23.9928572,23.9928572,23.9928572,0.142857149,0.142857149,3.742857203,23.9928572
119.5,119500,0,24.42619051,24.42619051,24.42619051,0.476190493,0.476190493,1.342857167,24.42619051
119.6,119600,0,24.28571433,24.28571433,24.28571433,0.285714298,0.285714298,2.285714328,24.28571433
119.7,119700,0,24.95,24.95,24.95,0,0,0.200000003,24.95
119.8,119800,0,25,25,25,0,0,0,25
119.9,119900,0,25,25,25,0,0,0,25
120,120000,0,25,25,25,0,0,0,25
120.1,120100,0,1.5,1.5,1.5,0,0,0,6.5
120.2,120200,0,0,0,0,0,0,0,0
120.3,120300,0,0.25,0.25,0.25,0,0,0,3.25
120.4,120400,0,0,0,0,0,0,0,0
120.5,120500,0,0,0,0,0,0,0,0
120.6,120600,0,0,0,0,0,0,0,0
120.7,120700,0,0.333333343,0.333333343,0.333333343,0,0,0,0
120.8,120800,0,0,0,0,1,0,0,0
120.9,120900,0,4.500000119,1.333333373,4.500000119,4.333333343,1.333333343,22.00000009,0
121,121000,0,9.850000262,77.85000026,9.850000262,0.166666672,1.266666681,1.016666681,0
121.1,121100,0,14.3333337,67.8333337,14.3333337,0,0.25,0.25,0
121.2,121200,0,6.5,0,55.5,0,0,0,0
121.3,121300,0,4,0,56,0,0,0,0
121.4,121400,0,7,0,63.5,0.5,0,0,0
121.5,121500,0,2.5,0,29.5,0,0,0,0
121.6,121600,0,0.666666687,34.16666669,2.166666687,0,0,0,0
121.7,121700,0,1.666666716,33.66666672,2.666666716,0,0,0,0
121.8,121800,0,0.666666687,39.16666669,6.166666687,0,0,0,0
121.9,121900,0,2.333333403,24.3333334,4.333333403,0,0,0,0
122,122000,0,4.666666806,32.66666681,4.666666806,0,0,0,0
122.1,122100,0,2.333333403,7.333333403,2.333333403,0,0,0,0
122.2,122200,0,1.333333373,10.33333337,1.333333373,0,0,0,0
122.3,122300,0,0.333333343,0.333333343,0.333333343,0,2,0,0
122.4,122400,0,0.25,0.25,0.25,0,2,0,0.25
122.5,122500,0,0.5,0.5,0.5,0,9,0,0.5
122.6,122600,0,0.25,0.25,0.25,0,20,1,0.25
122.7,122700,0,0.25,0.25,0.25,0,0,0,0.25
122.8,122800,0,0.75,0.75,0.75,0,0,0,0.75
122.9,122900,0,1,1,1,0,0,0,1
123,123000,0,2.25,2.25,2.25,0,0,0,2.25
123.1,123100,0,25,25,25,0,0,0,25
123.2,123200,0,25,25,25,0,0,0,25
123.3,123300,0,9.25,9.25,9.25,0,0,0,9.25
123.4,123400,0,4.75,4.75,4.75,0,0,0,4.75
123.5,123500,0,2.75,2.75,2.75,0,0,0,2.75
123.6,123600,0,4.25,4.25,4.25,1,0,0,4.25
123.7,123700,0,3,3,3,3.333333343,0.333333343,0.333333343,3
123.8,123800,0,2.642857149,2.642857149,2.642857149,1.476190493,0.476190493,0.476190493,2.642857149
123.9,123900,0,3.5,3.5,3.5,0.333333343,0.333333343,0.333333343,3.5
124,124000,0,4.75,4.75,4.75,0,0,0,4.75
124.1,124100,0,10.91666667,10.91666667,10.91666667,0.500000015,0.333333343,0.500000015,10.91666667
124.2,124200,0,25,25,25,0,0,0,25
124.3,124300,0,8,8,8,0,0,0,8
124.4,124400,0,10.5,10.5,10.5,0,0,0,10.5
124.5,124500,0,7.75,7.75,7.75,0,0,0,7.75
124.6,124600,0,8.5,8.5,8.5,0,0,0,8.5
124.7,124700,0,3,3,3,0,0,0,3
124.8,124800,0,4.25,4.25,4.25,0,0,0,4.25
124.9,124900,0,1.25,1.25,1.25,0,0,0,1.25
125,125000,0,1.5,1.5,1.5,4.333333343,0.333333343,1.333333343,1.5
125.1,125100,0,2.892857149,2.892857149,2.892857149,3.642857149,2.142857149,1.642857149,2.892857149
125.2,125200,0,4,4,4,3,0,0,4
125.3,125300,0,3.25,3.25,3.25,3,0,0,3.25
125.4,125400,0,2.75,2.75,2.75,7,0,0,2.75
125.5,125500,0,10.15000001,10.15000001,10.15000001,4.400000006,0,0,10.15000001
125.6,125600,0,9,9,9,0,0,1,9
125.7,125700,0,25,25,25,0,0,0,25
125.8,125800,0,8,8,8,0,0,0,8
125.9,125900,0,8.25,8.25,8.25,0,0,0,8.25
126,126000,0,10,10,10,0,0,0,10
126.1,126100,0,4.5,4.5,4.5,0,0,0,4.5
126.2,126200,0,4.25,4.25,4.25,0,0,0,4.25
126.3,126300,0,4,4,4,0,0,0,4
126.4,126400,0,4.5,4.5,4.5,0,0,0,4.5
126.5,126500,0,5.5,5.5,5.5,0,1,0,5.5
126.6,126600,0,8.25,8.25,8.25,0,7,0,8.25
126.7,126700,0,10.40000001,10.40000001,10.40000001,0,3.400000006,0,10.40000001
126.8,126800,0,8.350000024,8.350000024,8.350000024,1,23.60000002,0,8.350000024
126.9,126900,0,24.43333337,24.43333337,24.43333337,0.333333343,1.933333367,0,24.43333337
127,127000,0,7.459523857,7.459523857,7.459523857,8.976190522,26.37619054,0.809523836,7.459523857
127.1,127100,0,9.75000003,9.75000003,9.75000003,4.333333373,4.333333373,0.333333343,9.75000003
127.2,127200,0,4.416666672,11.81666689,11.81666689,0.900000021,4.900000021,0.333333343,11.81666689
127.3,127300,0,25.25,5.083333403,5.083333403,0.833333343,11.83333334,2.833333343,5.083333403
127.4,127400,0,19.66666667,3.700000048,3.700000048,1.333333358,7.533333361,3.36666669,3.700000048
127.5,127500,0,21.75,4.25000006,4.25000006,2.833333343,6.833333343,5.833333343,4.25000006
127.6,127600,0,30.25,3.083333373,3.083333373,0,3,0.5,3.083333373
127.7,127700,0,28,4.333333403,4.333333403,0,0,2,4.333333403
127.8,127800,0,37.25,11.9166669,11.9166669,1,0,0,11.9166669
127.9,127900,0,36.75,11.08333355,11.08333355,0,0,0,11.08333355
128,128000,0,74.5,8.5,8.5,0,0,0,8.5
128.1,128100,0,25,25,25,0,0,0,25
128.2,128200,0,25,25,25,0,0,0,25
128.3,128300,0,25,25,25,0,0,0,25
128.4,128400,0,24.95,24.95,24.95,0,0.200000003,0,24.95
128.5,128500,0,24.95,24.95,24.95,0.200000003,0,0,24.95
128.6,128600,0,24.86666667,24.86666667,24.86666667,0.366666675,0.166666672,0,24.86666667
128.7,128700,0,40.58333334,9.083333343,40.58333334,0.333333343,0,0.333333343,9.083333343
128.8,128800,0,38.90952387,8.576190501,38.90952387,3.409523875,0.142857149,1.476190493,8.576190501
128.9,128900,0,33.51666683,9.850000054,33.51666683,9.76666683,0.75,2.750000015,9.850000054
129,129000,0,36.80952404,7.392857209,36.80952404,9.559524044,0.142857149,1.892857179,7.392857209
129.1,129100,0,34.47619067,8.809523866,34.47619067,9.976190671,0.392857149,3.059523836,8.809523866
129.2,129200,0,24.52857189,7.761904925,24.52857189,24.52857189,2.945238143,7.945238173,7.761904925
129.3,129300,0,20.4238098,8.523809791,20.4238098,20.4238098,1.257142901,20.4238098,8.523809791
129.4,129400,0,32.90238105,9.452381045,32.90238105,7.402381048,0.485714301,7.402381048,9.452381045
129.5,129500,0,7.483333364,27.81666715,27.81666715,1.100000024,0.566666678,7.400000051,27.81666715
129.6,129600,0,5.133333355,10.38333349,10.38333349,1.333333358,0,2.38333337,10.38333349
129.7,129700,0,5.083333358,10.08333348,10.08333348,1.683333352,0.25,0.733333349,10.08333348
129.8,129800,0,5.150000006,11.40000018,11.40000018,0.400000006,0,0.25,11.40000018
129.9,129900,0,3.150000006,11.81666693,11.81666693,0.400000006,0,0,11.81666693
130,130000,0,1,6.916666836,6.916666836,2.333333343,0,1.916666687,5.916666806
130.1,130100,0,1.75,5.083333433,5.083333433,0,0,0,5.083333433
130.2,130200,0,2,5.333333433,5.333333433,0,0.333333343,2,5.000000089
130.3,130300,0,3.700000003,4.36666669,4.36666669,5.033333346,0.5,0.333333343,3.700000003
130.4,130400,0,8.950000003,8.950000003,8.950000003,0.700000003,2.5,1,8.950000003
130.5,130500,0,10.25,10.25,10.25,0,1.5,2.5,10.25
130.6,130600,0,1.700000003,1.700000003,1.700000003,0,0.5,1.700000003,1.700000003
130.7,130700,0,0.75,0.75,0.75,1.5,0,12.5,0.75
130.8,130800,0,1.75,1.75,1.75,0,0,0,1.75
130.9,130900,0,1.25,1.25,1.25,0,0,0,1.25
131,131000,0,2.75,2.75,2.75,0,0,0,2.75
131.1,131100,0,1.5,1.5,1.5,0,0,0,1.5
131.2,131200,0,1.75,1.75,1.75,0,0,0,1.75
131.3,131300,0,1.5,1.5,1.5,0,0,0,1.5
131.4,131400,0,9.5,9.5,9.5,0,0,0,9.5
131.5,131500,0,25,25,25,0,0,0,25
131.6,131600,0,25,25,25,0,0,0,25
131.7,131700,0,25,25,25,0,0,0,25
131.8,131800,0,25,25,25,0,0,0,25
131.9,131900,0,24.81666668,24.81666668,24.81666668,0.166666672,0.166666672,0.400000006,24.81666668
132,132000,0,4.900000006,4.900000006,4.900000006,0,0,0.400000006,4.900000006
132.1,132100,0,3.700000003,3.700000003,3.700000003,0,0,0.200000003,3.700000003
132.2,132200,0,4.350000009,4.350000009,4.350000009,0,0,0.600000009,4.350000009
132.3,132300,0,3.783333346,3.783333346,3.783333346,0.333333343,0,0.533333346,3.783333346
132.4,132400,0,3.766666681,3.766666681,3.766666681,0.166666672,0,0.766666681,3.766666681
132.5,132500,0,2.650000006,2.650000006,2.650000006,0,0,0.400000006,2.650000006
132.6,132600,0,1.25,1.25,1.25,0,0,0,1.25
132.7,132700,0,1,1,1,0,0,0,1
132.8,132800,0,10.16666684,4.25,10.16666684,0.25,0,0,10.16666684
132.9,132900,0,10.83333352,4.5,10.83333352,0,0,0,10.83333352
133,133000,0,7.416666746,7.416666716,32.91666675,0,0,0,1.25000003
133.1,133100,0,9.666666776,5.500000089,29.16666678,0,0,0,0.666666687
133.2,133200,0,8,1.5,2.5,0,0,0,0
133.3,133300,0,1,0.5,0.5,0,0,0,0
133.4,133400,0,1,0,0,0,0,0,0
133.5,133500,0,0,0,0,2,0,0,0
133.6,133600,0,0,0.5,0.5,0,0,2,0
133.7,133700,0,1,0,1,1,0,0,0
133.8,133800,0,0,0,1,9,0,0,0
133.9,133900,0,0,0,1,1,0,0,0
134,134000,0,0,0,0,2,0,0,0
134.1,134100,0,0,0,1,0,0,0,0
134.2,134200,0,0,0,0,1,0,0,0
134.3,134300,0,0,0,1,0,0,0,0
134.4,134400,0,0,0,0,0,0,0,0
134.5,134500,0,0.333333343,0.333333343,0.333333343,0,0,0,0
134.6,134600,0,0,0,0,0,0,0,0
134.7,134700,0,0,0,0,0,0,0,0
134.8,134800,0,1.5,1.5,1.5,0,0,0,1.5
134.9,134900,0,0.25,0.25,0.25,0,0,0,0.25
135,135000,0,1.25,1.25,1.25,0,0,0,1.25
135.1,135100,0,0.75,0.75,0.75,0,0,0,0.75
135.2,135200,0,3,3,3,0,0,0,3
135.3,135300,0,1.75,1.75,1.75,4,1,0,1.75
135.4,135400,0,1,1,1,10,0,0,1
135.5,135500,0,1.75,1.75,1.75,3,6,0,1.75
135.6,135600,0,3.25,3.25,3.25,0,2,0,3.25
135.7,135700,0,2.25,2.25,2.25,1,5,0,2.25
135.8,135800,0,1,1,1,1,0,0,1
135.9,135900,0,0.5,0.5,0.5,2,0,0,0.5
136,136000,0,0.75,0.75,0.75,3,0,0,0.75
136.1,136100,0,0.5,0.5,0.5,3.5,0.5,0,0.5
136.2,136200,0,0,0,0,1,3,0,0
136.3,136300,0,0,0,0,6,0,0,0
136.4,136400,0,0,0,0,4,1,0,0
136.5,136500,0,0,0,0,1,1,0,0
136.6,136600,0,0.25,0.25,0.25,1,3,0,0.25
136.7,136700,0,0,0,0,0,1,0,0
136.8,136800,0,0,0,0,0,1,0,0
136.9,136900,0,0,0,0,0,2,0,0
137,137000,0,0,0,0,0,0,0,0
137.1,137100,0,0.5,0.5,0,0,0,0,0
137.2,137200,0,0,0,0,0,0,0,0
137.3,137300,0,0,0,0,0,0,0,0
137.4,137400,0,0,0,0,0,0,0,0
137.5,137500,0,0,0,0,0,0,0,0
137.6,137600,0,0,0,0,0,0,0,0
137.7,137700,0,0,0,0,0,0,0,0
137.8,137800,0,0,0,0,0,0,0,0
137.9,137900,0,0,0,0,0,0,0,0
138,138000,0,0,0,0,1,0,0,0
138.1,138100,0,0,0,0,1,4,8,0
138.2,138200,0,0,0,0,3,4,2,0
138.3,138300,0,0,0,0,3,6.5,7.5,0
138.4,138400,0,0,0,0,1,5.5,1.5,0
138.5,138500,0,0,0,0,1,3.5,0.5,0
138.6,138600,0,0,0,0,2,4,1,0
138.7,138700,0,0,0,0,7,19.5,0.5,0
138.8,138800,0,0,0,0,0,8,0,0
138.9,138900,0,0.25,0.25,0.25,0,0,0,0.25
139,139000,0,0,0,0,0,0,0,0
139.1,139100,0,0,0,0,0,0,0,0
139.2,139200,0,4.5,4.5,4.5,0,0,0,4.5
139.3,139300,0,3,3,3,0,0,0,3
139.4,139400,0,10.5,10.5,10.5,0,0,0,10.5
139.5,139500,0,9.5,9.5,9.5,0,0,0,9.5
139.6,139600,0,2,2,2,0,0,0,2
139.7,139700,0,4,4,4,0,0,0,4
139.8,139800,0,0.75,0.75,0.75,0,1,0,0.75
139.9,139900,0,2.25,2.25,2.25,0,0,0,2.25
140,140000,0,1.25,1.25,1.25,0,1,0,1.25
140.1,140100,0,0,0,0,0.333333343,0.333333343,0.333333343,0
140.2,140200,0,0,0,0,4,0,0,0
140.3,140300,0,1.25000003,1.25000003,1.25000003,2,0.5,0.5,0.25
140.4,140400,0,0.666666687,0.666666687,0.666666687,0,4,0,0
140.5,140500,0,0,0,0,1,9,0,0
140.6,140600,0,0,0,0,0,11.5,1.5,0
140.7,140700,0,0,0,0,2,0,0,0
140.8,140800,0,0,0,0,1,25,0,0
140.9,140900,0,0,0,0,0,47,4,0
141,141000,0,0,0,0,0,84,0,0
141.1,141100,0,0,0,0,0,76,0,0
141.2,141200,0,0,0,0,0,55,0,0
141.3,141300,0,0,0,0,0,56,0,0
141.4,141400,0,0,0,0,0,60,0,0
141.5,141500,0,0,0,0,0,97,0,0
141.6,141600,0,0,0,0,0,96,0,0
141.7,141700,0,0,0,0,0,96,0,0
141.8,141800,0,15.78571483,15.78571483,15.78571483,15.78571483,15.78571483,5.285714522,15.78571483
141.9,141900,0,15.66666722,15.66666722,15.66666722,15.66666722,15.66666722,6.000000268,15.66666722
142,142000,0,15.80952436,15.80952436,15.80952436,15.80952436,15.80952436,5.142857373,15.80952436
142.1,142100,0,15.73809579,15.73809579,15.73809579,15.73809579,15.73809579,5.57142882,15.73809579
142.2,142200,0,15.78571483,15.78571483,15.78571483,15.78571483,15.78571483,5.285714522,15.78571483
142.3,142300,0,15.73809579,15.73809579,15.73809579,15.73809579,15.73809579,5.57142882,15.73809579
142.4,142400,0,14.28571492,14.28571492,14.28571492,14.28571492,14.28571492,14.28571492,14.28571492
142.5,142500,0,14.28571492,14.28571492,14.28571492,14.28571492,14.28571492,14.28571492,14.28571492
142.6,142600,0,14.28571492,14.28571492,14.28571492,14.28571492,14.28571492,14.28571492,14.28571492
142.7,142700,0,14.28571492,14.28571492,14.28571492,14.28571492,14.28571492,14.28571492,14.28571492
142.8,142800,0,6.142857417,6.142857417,6.142857417,25.14285798,25.14285798,25.14285798,6.142857417
142.9,142900,0,0.166666672,0.166666672,0.166666672,15.00000001,84.00000001,0.333333343,0.166666672
143,143000,0,0.333333343,0.333333343,0.333333343,23.50000003,74.50000003,0.666666687,0.333333343
143.1,143100,0,0.333333343,0.333333343,0.333333343,18.66666669,79.66666669,0.333333343,0.333333343
143.2,143200,0,0.500000015,0.500000015,0.500000015,18.33333336,79.33333336,0.333333343,0.500000015
143.3,143300,0,0.166666672,0.166666672,0.166666672,17.66666667,81.66666667,0,0.166666672
143.4,143400,0,0,0,0,17.50000003,81.50000003,1.00000003,0
143.5,143500,0,0,0,0,77,20,0,0
143.6,143600,0,0,0,0,27,13,0,0
143.7,143700,0,0,0,0,8,0,0,0
143.8,143800,0,0,0,0,1,0,0,0
143.9,143900,0,0,0,0,2,2,0,0
144,144000,0,0,0,0,1,1,0,0
144.1,144100,0,0,0,0,1,0,0,0
144.2,144200,0,0,0,0,1,0,0,0
144.3,144300,0,0,0,0,1,5,0,0
144.4,144400,0,0,0,0,0,11,0,0
144.5,144500,0,0,0,0,0,6,0,0
