t1,t2,t3,t4,CF12_34,CF12_34_lo,CF12_34_hi,CF13_24,CF13_24_lo,CF13_24_hi,CF14_23,CF14_23_lo,CF14_23_hi,genes
216_II,B589,BHV5,C33,0.0511,0.03903,0.06611,0.2183,0.190495,0.2431,0.7307,0.70057,0.758445,646
216_II,B589,BHV5,C46,0.0605,0.044265,0.074065,0.2155,0.185995,0.244165,0.724,0.69158,0.750415,645
216_II,B589,BHV5,Cooper,0.0805,0.05977,0.097465,0.2214,0.19425,0.24922,0.6981,0.67144,0.72892,646
216_II,B589,BHV5,K22,0.132,0.108595,0.156045,0.6725,0.641965,0.70486,0.1954,0.171595,0.22069,568
216_II,B589,BHV5,SP1777,0.123,0.103,0.145485,0.6898,0.6554,0.72499,0.1872,0.159175,0.217355,561
216_II,B589,BHV5,Titanium_IBR_MLV_vaccine,0.0548,0.04149,0.068065,0.2131,0.190725,0.23951,0.7321,0.70378,0.75794,657
216_II,B589,C33,C46,0.9908,0.97988,1,0.0092,0,0.02012,0,0,0,218
216_II,B589,C33,Cooper,0.9635,0.942555,0.98104,0.0228,0.008895,0.03884,0.0137,0.003705,0.02781,219
216_II,B589,C33,K22,0.0047,0.0012,0.0094,0.9371,0.925875,0.9483,0.0583,0.04709,0.07025,858
216_II,B589,C33,SP1777,0.0143,0.007795,0.02053,0.9701,0.96209,0.978915,0.0156,0.009095,0.0239,770
216_II,B589,C33,Titanium_IBR_MLV_vaccine,0.9818,0.96756,0.991505,0,0,0,0.0182,0.008495,0.03244,220
216_II,B589,C46,Cooper,0.9753,0.957695,0.988735,0.0165,0.007795,0.028855,0.0082,0,0.021405,243
216_II,B589,C46,K22,0.0059,0.0012,0.009625,0.9368,0.923885,0.949505,0.0574,0.044635,0.069825,854
216_II,B589,C46,SP1777,0.0157,0.008995,0.0249,0.9686,0.954385,0.97911,0.0157,0.008,0.024125,765
216_II,B589,C46,Titanium_IBR_MLV_vaccine,0.9751,0.958185,0.991215,0,0,0,0.0249,0.008785,0.041815,241
216_II,B589,Cooper,K22,0.0048,0.0012,0.008405,0.9333,0.921,0.944915,0.062,0.05118,0.073165,839
216_II,B589,Cooper,SP1777,0.0132,0.00669,0.018735,0.9697,0.960895,0.979205,0.0171,0.01054,0.025525,760
216_II,B589,Cooper,Titanium_IBR_MLV_vaccine,0.9542,0.93624,0.97187,0.0125,0.003995,0.023345,0.0333,0.018535,0.04917,240
216_II,B589,K22,SP1777,0.303,0.258075,0.35906,0.3766,0.322855,0.420685,0.3203,0.275915,0.364175,231
216_II,B589,K22,Titanium_IBR_MLV_vaccine,0.0057,0.0011,0.00931,0.0573,0.045495,0.07131,0.9369,0.922175,0.948665,872
216_II,B589,SP1777,Titanium_IBR_MLV_vaccine,0.0155,0.0091,0.022445,0.0142,0.008565,0.0217,0.9704,0.960515,0.97921,776
216_II,BHV5,C33,C46,0.9615,0.94044,0.97902,0.035,0.0177,0.054275,0.0035,0,0.010205,286
216_II,BHV5,C33,Cooper,0.907,0.8718,0.933355,0.0831,0.057905,0.113045,0.01,0.0032,0.02056,301
216_II,BHV5,C33,K22,0.192,0.170105,0.22191,0.7204,0.69216,0.747615,0.0876,0.071175,0.10601,651
216_II,BHV5,C33,SP1777,0.2358,0.211235,0.26618,0.7024,0.664325,0.724795,0.0618,0.05008,0.078455,615
216_II,BHV5,C33,Titanium_IBR_MLV_vaccine,0.965,0.94759,0.98257,0.0175,0.006795,0.030005,0.0175,0.0065,0.031405,286
216_II,BHV5,C46,Cooper,0.9567,0.942435,0.97161,0.0333,0.01975,0.04847,0.01,0.00266,0.017805,300
216_II,BHV5,C46,K22,0.1938,0.16692,0.222435,0.7108,0.67687,0.73348,0.0954,0.07848,0.11271,650
216_II,BHV5,C46,SP1777,0.2346,0.210975,0.26123,0.6942,0.66479,0.723735,0.0712,0.0518,0.085855,618
216_II,BHV5,C46,Titanium_IBR_MLV_vaccine,0.9508,0.93289,0.9686,0.0098,0.002995,0.021445,0.0393,0.0224,0.058145,305
216_II,BHV5,Cooper,K22,0.1933,0.171475,0.22073,0.691,0.65443,0.71639,0.1157,0.095295,0.138125,657
216_II,BHV5,Cooper,SP1777,0.2319,0.210305,0.265485,0.6812,0.65096,0.71317,0.087,0.067495,0.106855,621
216_II,BHV5,Cooper,Titanium_IBR_MLV_vaccine,0.9022,0.87822,0.92912,0.0158,0.003495,0.025425,0.082,0.05998,0.104395,317
216_II,BHV5,K22,SP1777,0.7219,0.687595,0.749525,0.1333,0.11034,0.156725,0.1448,0.11906,0.165625,525
216_II,BHV5,K22,Titanium_IBR_MLV_vaccine,0.1915,0.16947,0.213265,0.0897,0.071145,0.105745,0.7188,0.695785,0.75042,658
216_II,BHV5,SP1777,Titanium_IBR_MLV_vaccine,0.2351,0.203295,0.25943,0.0644,0.048485,0.08022,0.7005,0.671835,0.736925,621
216_II,C33,C46,Cooper,0.8438,0.72486,0.933695,0,0,0,0.1562,0.066305,0.27514,32
216_II,C33,C46,K22,0.0147,0.0035,0.030935,0,0,0,0.9853,0.969065,0.9965,272
216_II,C33,C46,SP1777,0.009,0,0.02341,0,0,0,0.991,0.97659,1,222
216_II,C33,C46,Titanium_IBR_MLV_vaccine,0.8261,0.707885,0.968365,0,0,0,0.1739,0.031635,0.292115,23
216_II,C33,Cooper,K22,0.015,0.003495,0.024825,0.0037,0,0.011305,0.9813,0.967645,0.992815,267
216_II,C33,Cooper,SP1777,0.0046,0,0.012835,0.0091,0,0.019015,0.9863,0.97354,0.9962,219
216_II,C33,Cooper,Titanium_IBR_MLV_vaccine,0.6667,0.51444,0.80028,0.2222,0.09935,0.39295,0.1111,0,0.19236,27
216_II,C33,K22,SP1777,0.9435,0.92799,0.95673,0.0541,0.041945,0.067915,0.0025,0,0.005145,814
216_II,C33,K22,Titanium_IBR_MLV_vaccine,0.0073,0,0.017145,0.9782,0.960885,0.989305,0.0145,0.0037,0.02653,275
216_II,C33,SP1777,Titanium_IBR_MLV_vaccine,0.009,0,0.01921,0.9821,0.96931,0.995605,0.009,0,0.018715,223
216_II,C46,Cooper,K22,0.0069,0,0.015965,0.0069,0.00304,0.01485,0.9863,0.972865,0.996605,291
216_II,C46,Cooper,SP1777,0,0,0,0.0082,0,0.02062,0.9918,0.97938,1,243
216_II,C46,Cooper,Titanium_IBR_MLV_vaccine,0,0,0,0.3333,0.1667,0.543185,0.6667,0.456815,0.8333,18
216_II,C46,K22,SP1777,0.9441,0.9318,0.957025,0.0534,0.0401,0.0651,0.0025,0,0.006005,805
216_II,C46,K22,Titanium_IBR_MLV_vaccine,0,0,0,0.9794,0.96406,0.9934,0.0206,0.0066,0.03594,291
216_II,C46,SP1777,Titanium_IBR_MLV_vaccine,0,0,0,0.9916,0.981995,1,0.0084,0,0.018005,238
216_II,Cooper,K22,SP1777,0.944,0.929645,0.957845,0.0522,0.038455,0.06672,0.0037,0.00114,0.0076,804
216_II,Cooper,K22,Titanium_IBR_MLV_vaccine,0.007,0,0.014405,0.9721,0.95528,0.987075,0.0209,0.00805,0.03461,287
216_II,Cooper,SP1777,Titanium_IBR_MLV_vaccine,0.0127,0,0.024705,0.9789,0.96462,0.99181,0.0084,0,0.01952,237
216_II,K22,SP1777,Titanium_IBR_MLV_vaccine,0.0538,0.043355,0.067595,0.0012,0,0.0036,0.945,0.931725,0.95631,818
B589,BHV5,C33,C46,0.9871,0.98168,0.993505,0.0129,0.006495,0.01832,0,0,0,619
B589,BHV5,C33,Cooper,0.962,0.94974,0.976115,0.0364,0.02386,0.04821,0.0017,0,0.0049,605
B589,BHV5,C33,K22,0.1776,0.150655,0.200885,0.2018,0.174885,0.2376,0.6206,0.589095,0.65325,456
B589,BHV5,C33,SP1777,0.2297,0.18999,0.264425,0.1532,0.129355,0.182725,0.6171,0.56806,0.651085,444
B589,BHV5,C33,Titanium_IBR_MLV_vaccine,0.992,0.987285,0.996805,0.008,0.003195,0.012715,0,0,0,623
B589,BHV5,C46,Cooper,0.9851,0.977655,0.992265,0.0116,0.0049,0.01682,0.0033,0,0.008215,604
B589,BHV5,C46,K22,0.1828,0.149405,0.20552,0.1957,0.164125,0.229215,0.6215,0.579145,0.66131,465
B589,BHV5,C46,SP1777,0.2318,0.187795,0.26088,0.1523,0.12665,0.18044,0.6159,0.578685,0.656915,453
B589,BHV5,C46,Titanium_IBR_MLV_vaccine,0.9859,0.97878,0.9938,0.0047,0,0.0082,0.0094,0.004525,0.01582,637
B589,BHV5,Cooper,K22,0.1642,0.139185,0.195115,0.2004,0.175925,0.234175,0.6354,0.59949,0.6674,469
B589,BHV5,Cooper,SP1777,0.2097,0.17698,0.238215,0.1501,0.12735,0.18088,0.6402,0.60211,0.67264,453
B589,BHV5,Cooper,Titanium_IBR_MLV_vaccine,0.9613,0.951795,0.97318,0.0065,0.003025,0.01153,0.0323,0.02135,0.040805,620
B589,BHV5,K22,SP1777,0.4156,0.36834,0.46618,0.2428,0.201565,0.280665,0.3416,0.293185,0.386975,243
B589,BHV5,K22,Titanium_IBR_MLV_vaccine,0.1868,0.15714,0.212465,0.6178,0.585825,0.65832,0.1953,0.166945,0.222795,471
B589,BHV5,SP1777,Titanium_IBR_MLV_vaccine,0.2391,0.214625,0.27292,0.6109,0.575945,0.640425,0.15,0.12672,0.172505,460
B589,C33,C46,Cooper,0.7879,0.7027,0.89299,0,0,0,0.2121,0.10701,0.2973,33
B589,C33,C46,K22,0.0019,0,0.0047,0,0,0,0.9981,0.9953,1,1036
B589,C33,C46,SP1777,0.0021,0,0.0042,0,0,0,0.9979,0.9958,1,963
B589,C33,C46,Titanium_IBR_MLV_vaccine,0.9048,0.79075,1,0.0952,0,0.20925,0,0,0,21
B589,C33,Cooper,K22,0.003,0,0.00514,0.002,0,0.0049,0.995,0.9911,0.998145,1000
B589,C33,Cooper,SP1777,0.0021,0,0.0051,0.0011,0,0.0032,0.9968,0.9926,0.99905,950
B589,C33,Cooper,Titanium_IBR_MLV_vaccine,0.6923,0.571165,0.81836,0.3077,0.18164,0.428835,0,0,0,26
B589,C33,K22,SP1777,0.3447,0.293655,0.401205,0.4223,0.36488,0.49012,0.233,0.180785,0.27565,206
B589,C33,K22,Titanium_IBR_MLV_vaccine,0.0019,0,0.0039,0.9981,0.9961,1,0,0,0,1046
B589,C33,SP1777,Titanium_IBR_MLV_vaccine,0.0031,0,0.006015,0.9969,0.993985,1,0,0,0,971
B589,C46,Cooper,K22,0.001,0,0.0029,0.0029,0.001,0.0059,0.9961,0.992195,0.998145,1022
B589,C46,Cooper,SP1777,0.001,0,0.0032,0.0021,0,0.004245,0.9969,0.992995,1,971
B589,C46,Cooper,Titanium_IBR_MLV_vaccine,0,0,0,0.5,0.34841,0.722455,0.5,0.277545,0.65159,16
B589,C46,K22,SP1777,0.3399,0.297645,0.39815,0.4236,0.367295,0.47787,0.2365,0.188465,0.294175,203
B589,C46,K22,Titanium_IBR_MLV_vaccine,0,0,0,1,1,1,0,0,0,1057
B589,C46,SP1777,Titanium_IBR_MLV_vaccine,0.001,0,0.003005,0.999,0.996995,1,0,0,0,980
B589,Cooper,K22,SP1777,0.3711,0.316095,0.437875,0.3814,0.31762,0.44005,0.2474,0.197585,0.30115,194
B589,Cooper,K22,Titanium_IBR_MLV_vaccine,0.0029,0.000995,0.0059,0.9951,0.991295,0.9981,0.002,0,0.004005,1021
B589,Cooper,SP1777,Titanium_IBR_MLV_vaccine,0.0031,0.00095,0.00621,0.9959,0.99169,0.999,0.001,0,0.0031,969
B589,K22,SP1777,Titanium_IBR_MLV_vaccine,0.4272,0.36505,0.486235,0.233,0.19786,0.27717,0.3398,0.28799,0.39824,206
BHV5,C33,C46,Cooper,0.5714,0.384335,0.70974,0.0357,0,0.111545,0.3929,0.225225,0.57722,28
BHV5,C33,C46,K22,0.0047,0,0.009405,0.0126,0.00585,0.02111,0.9827,0.974145,0.992105,636
BHV5,C33,C46,SP1777,0.0035,0,0.008025,0.0139,0.00739,0.022525,0.9826,0.97437,0.99101,574
BHV5,C33,C46,Titanium_IBR_MLV_vaccine,0.5926,0.4444,0.750735,0.2963,0.18695,0.451935,0.1111,0,0.200605,27
BHV5,C33,Cooper,K22,0.0064,0.001695,0.0116,0.0366,0.026365,0.0494,0.9571,0.944385,0.968505,629
BHV5,C33,Cooper,SP1777,0.0035,0,0.00735,0.0363,0.023395,0.05282,0.9602,0.946485,0.97373,578
BHV5,C33,Cooper,Titanium_IBR_MLV_vaccine,0.3488,0.23251,0.46229,0.5814,0.46476,0.71053,0.0698,0.017955,0.132315,43
BHV5,C33,K22,SP1777,0.6529,0.606455,0.689005,0.2322,0.193855,0.26798,0.1149,0.089855,0.13874,435
BHV5,C33,K22,Titanium_IBR_MLV_vaccine,0.0047,0.0015,0.00811,0.9875,0.97949,0.9951,0.0078,0.0016,0.01513,641
BHV5,C33,SP1777,Titanium_IBR_MLV_vaccine,0.0052,0.0017,0.011505,0.9861,0.975495,0.99291,0.0087,0.003495,0.01551,576
BHV5,C46,Cooper,K22,0.0048,0,0.0079,0.0159,0.009575,0.02471,0.9793,0.969675,0.98791,627
BHV5,C46,Cooper,SP1777,0.0035,0,0.00897,0.0121,0.006595,0.021545,0.9844,0.973995,0.991305,577
BHV5,C46,Cooper,Titanium_IBR_MLV_vaccine,0.0588,0,0.1875,0.7059,0.5,0.889455,0.2353,0.071165,0.408905,17
BHV5,C46,K22,SP1777,0.6568,0.6243,0.69286,0.2265,0.19355,0.25825,0.1167,0.09423,0.143925,437
BHV5,C46,K22,Titanium_IBR_MLV_vaccine,0.0093,0.003095,0.016805,0.9861,0.9784,0.993305,0.0046,0.00133,0.008645,647
BHV5,C46,SP1777,Titanium_IBR_MLV_vaccine,0.0119,0.0051,0.019745,0.983,0.97569,0.991405,0.0051,0,0.01162,588
BHV5,Cooper,K22,SP1777,0.678,0.64589,0.711685,0.2109,0.177755,0.24131,0.1111,0.08839,0.133205,441
BHV5,Cooper,K22,Titanium_IBR_MLV_vaccine,0.0343,0.02039,0.045195,0.9579,0.945385,0.97345,0.0078,0.002935,0.014405,642
BHV5,Cooper,SP1777,Titanium_IBR_MLV_vaccine,0.0354,0.02544,0.04521,0.9578,0.94556,0.97051,0.0067,0.001695,0.01321,593
BHV5,K22,SP1777,Titanium_IBR_MLV_vaccine,0.2302,0.20031,0.26374,0.1151,0.09392,0.1363,0.6546,0.62259,0.684825,443
C33,C46,Cooper,K22,0.1875,0.079845,0.28229,0.0312,0,0.09411,0.7812,0.679825,0.889455,32
C33,C46,Cooper,SP1777,0.1034,0.02936,0.20886,0.0345,0,0.095795,0.8621,0.755795,0.94765,29
C33,C46,Cooper,Titanium_IBR_MLV_vaccine,0,0,0,0.1,0,0.286415,0.9,0.713585,1,10
C33,C46,K22,SP1777,1,1,1,0,0,0,0,0,0,993
C33,C46,K22,Titanium_IBR_MLV_vaccine,0,0,0,0.8947,0.76824,1,0.1053,0,0.23176,19
C33,C46,SP1777,Titanium_IBR_MLV_vaccine,0.0556,0,0.15834,0.9444,0.84166,1,0,0,0,18
C33,Cooper,K22,SP1777,0.998,0.995,1,0,0,0,0.002,0,0.005,982
C33,Cooper,K22,Titanium_IBR_MLV_vaccine,0.0385,0,0.11772,0.6538,0.46084,0.82765,0.3077,0.159145,0.5,26
C33,Cooper,SP1777,Titanium_IBR_MLV_vaccine,0.0909,0,0.1772,0.7727,0.582705,0.8947,0.1364,0.038,0.250835,22
C33,K22,SP1777,Titanium_IBR_MLV_vaccine,0.001,0,0.003,0,0,0,0.999,0.997,1,1001
C46,Cooper,K22,SP1777,0.999,0.997095,1,0,0,0,0.001,0,0.002905,1005
C46,Cooper,K22,Titanium_IBR_MLV_vaccine,0.5714,0.3333,0.8,0,0,0,0.4286,0.2,0.6667,14
C46,Cooper,SP1777,Titanium_IBR_MLV_vaccine,0.75,0.49722,1,0,0,0,0.25,0,0.50278,12
C46,K22,SP1777,Titanium_IBR_MLV_vaccine,0.001,0,0.002045,0,0,0,0.999,0.997955,1,1016
Cooper,K22,SP1777,Titanium_IBR_MLV_vaccine,0.003,0,0.006035,0,0,0,0.997,0.993965,1,1005
