Position in alignment,BHV5 - BHV5,BHV5 - C33,BHV5 - C46,BHV5 - Titanium_IBR_MLV_vaccine,BHV5 - 216_II,BHV5 - SP1777,BHV5 - K22,BHV5 - Cooper
100,0,0,0,0,0,17.5,3.5,0
200,0,0,0,0,0,28.5,9.5,0
300,0,0,0,0,0,39.5,4.5,0
400,0,0,0,0,0,42.5,1.5,0
500,0,0,0,0,0,38.5,2.5,0
600,0,0,0,0,0,30,35,0
700,0,0,0,0,0,38.5,51.5,0
800,0,0.400000005960464,0.400000005960464,0.400000005960464,0.400000005960464,26.5,62.5,0.400000005960464
900,0,0,0,0,0,46,32,0
1000,0,0,0,0,0,41,37,0
1100,0,0,0,0,0,34.5,23.5,0
1200,0,0,0,0,0,14.5,46.5,0
1300,0,0,0,0,0,11,49,0
1400,0,0,0,0,0,17,51,0
1500,0,0,0,0,0,42.5,11.5,0
1600,0,0.500000014901161,0.500000014901161,0.500000014901161,0.500000014901161,27.8333333432674,10.6666666716337,0.500000014901161
1700,0,0.900000020861626,0.900000020861626,0.900000020861626,0.900000020861626,68.0000000149012,14.5,0.900000020861626
1800,0,0.900000020861626,0.900000020861626,0.900000020861626,8.23333339393139,54.3333333879709,11.8333333730698,0.900000020861626
1900,0,2.90000006556511,2.90000006556511,2.90000006556511,10.0666667521,68.6666667312384,4.66666668653488,2.90000006556511
2000,0,0.500000014901161,0.500000014901161,0.500000014901161,0.500000014901161,96.5000000149012,1,0.500000014901161
2100,0,0.16666667163372,0.16666667163372,0.16666667163372,0.66666667163372,97.6666666716337,1,0.16666667163372
2200,0,0,0,0,1,97.5,1.5,0
2300,0,0.16666667163372,0.16666667163372,0.16666667163372,0.16666667163372,89.6666666716337,9.5,0.16666667163372
2400,0,0.16666667163372,0.16666667163372,0.16666667163372,0.16666667163372,91.6666666716337,7.5,0.16666667163372
2500,0,0.142857149243355,0.142857149243355,0.142857149243355,0.142857149243355,82.1428571492434,17.1428571492434,0.142857149243355
2600,0,0,0,0,0.5,80.5,1,0
2700,0,0,0,0,0,60.5,7.5,0
2800,0,0,0,0,1,62,7,0
2900,0,0.476190492510796,0.476190492510796,0.476190492510796,0.476190492510796,54.4761904925108,5.14285714924335,0.476190492510796
3000,0,0,0,0,0,22,4,0
3100,0,0.366666674613953,0.366666674613953,0.366666674613953,0,33.866666674614,3.66666667163372,0.366666674613953
3200,0,1.00000002980232,0.333333343267441,1.00000002980232,0.833333343267441,19.0000000298023,2.5,0.333333343267441
3300,0,0.583333343267441,0.333333343267441,0.583333343267441,0.66666667163372,24.5833333432674,5.91666667163372,0.333333343267441
3400,0,0.200000002980232,0.200000002980232,0.200000002980232,0,53.2000000029802,7,0.200000002980232
3500,0,0.583333343267441,0,0.583333343267441,0,74.0833333432674,3.75,0
3600,0,0.366666674613953,0.366666674613953,0.366666674613953,0.5,78.866666674614,4.16666667163372,0.366666674613953
3700,0,0.333333343267441,0,0,0,53.8333333432674,1.83333334326744,0
3800,0,0,0,0,0,75.5,2.5,0
3900,0,0,0,0,0,83.5,3.5,0
4000,0,0,0,0,0,83.5,1.5,0
4100,0,0,0,0,0,85.5,0.5,0
4200,0,0,0,0,0,55.5,7.5,0
4300,0,0,0,0,0,13,13,0
4400,0,0.16666667163372,0.16666667163372,0.16666667163372,0,24.6666666716337,24.6666666716337,0.16666667163372
4500,0,0,0,0,0,50,50,0
4600,0,0,0,0,0,20.5,20.5,0
4700,0,2.66666674613953,2.66666674613953,2.66666674613953,0,2.66666674613953,49.6666667461395,2.66666674613953
4800,0,0.500000014901161,0.500000014901161,0.500000014901161,0,3.00000001490116,57.0000000149012,0.500000014901161
4900,0,0.333333343267441,0.333333343267441,0.333333343267441,0,7.83333334326744,63.8333333432674,0.333333343267441
5000,0,0.333333343267441,0.333333343267441,0.333333343267441,0,5.83333334326744,58.8333333432674,0.333333343267441
5100,0,0.200000002980232,0.200000002980232,0.200000002980232,1.33333334326744,35.5333333462477,37.3333333432674,0.200000002980232
5200,0,0.400000005960464,0.400000005960464,0.400000005960464,0,53.4000000059605,26,0.400000005960464
5300,0,0,0,0,0,57,28,0
5400,0,0,0,0,1.33333334326744,70.8333333432674,22.8333333432674,0
5500,0,0.366666674613953,0.366666674613953,0.366666674613953,0.16666667163372,92.866666674614,5.5,0.366666674613953
5600,0,0.366666674613953,0.366666674613953,0.366666674613953,2.16666667163372,89.366666674614,7,0.366666674613953
5700,0,0.366666674613953,0.366666674613953,0.366666674613953,0.16666667163372,89.866666674614,8.5,0.366666674613953
5800,0,0.450000002980232,0.450000002980232,0.450000002980232,0.5,81.2000000029802,10.5,0.450000002980232
5900,0,0,0,0,0,84.5,11.5,0
6000,0,0,0,0,3,59.5,19.5,0
6100,0,0,0,0,1,50.5,33.5,0
6200,0,0,0,0,0,21.5,50.5,0
6300,0,0.75,0.75,0.75,0,17.5,19.5,0.75
6400,0,0,0,0,0,17.5,10.5,0
6500,0,0,0,0,0,8,28,0
6600,0,0,0,0,0,6.5,13.5,0
6700,0,0,0,0,0,1.5,7.5,0
6800,0,0,0,0,0,1,17,0
6900,0,0,0,0,0,10.5,14.5,0
7000,0,0,0,0,0,24.5,13.5,0
7100,0,0,0,0,0,16,13,0
7200,0,0,0,0,0,69,11,0
7300,0,0,0,0,0,72,2,0
7400,0,0.200000002980232,0.200000002980232,0.200000002980232,0.200000002980232,84,10,0.200000002980232
7500,0,0.200000002980232,0.200000002980232,0.200000002980232,0.200000002980232,87.5,8.5,0.200000002980232
7600,0,0,0,0,0,89.5,7.5,0
7700,0,0,0,0,0,74,3,0
7800,0,0,0,0,0,80.5,2.5,0
7900,0,0,0,0,0,65,3,0
8000,0,0,0,0,0,34.5,27.5,0
8100,0,0,0,0,0,30.5,31.5,0
8200,0,0,0,0,0,19.5,21.5,0
8300,0,0,0,0,1.5,9,34.5,0
8400,0,0,0,0,0,14.5,28.5,0
8500,0,0,0,0,0,49.5,26.5,0
8600,0,0,0,0,0.833333343267441,36.3333333432674,32.8333333432674,0
8700,0,0,0,0,0,53.5,19.5,0
8800,0,0,0,0,4.66666668653488,53.1666666865349,16.1666666865349,0
8900,0,0.25,0.25,0.25,0,33,11,0.25
9000,0,1.26666668057442,1.26666668057442,1.26666668057442,0.766666680574417,40.5,0.66666667163372,1.26666668057442
9100,0,0,0,0,0,22.5,3.5,0
9200,0,0.542857155203819,0.542857155203819,0.542857155203819,0.542857155203819,7.14285714924335,0.142857149243355,0.542857155203819
9300,0,0,0,0,0,1,1,0
9400,0,0,0,0,0,2,2,0
9500,0,0.366666674613953,0.366666674613953,0.366666674613953,0.366666674613953,0,2.16666667163372,0.366666674613953
9600,0,0,0,0,0,0,0,0
9700,0,0,0,0,0,1,1,0
9800,0,1.34285715222359,1.34285715222359,1.34285715222359,0.342857152223587,2.14285714924335,2.14285714924335,1.34285715222359
9900,0,0.16666667163372,0.16666667163372,0.16666667163372,0,2.66666667163372,2.66666667163372,0.16666667163372
10000,0,0,0,0,0,2,2,0
10100,0,0,0,0,0,3,3,0
10200,0,0,0,0,0,18,0,0
10300,0,0,0,0,0,21,0,0
10400,0,0,0,0,0,30,0,0
10500,0,0,0,0,0,37,0,0
10600,0,0,0,0,0,29,9,0
10700,0,0,0,0,0,25,6,0
10800,0,0.16666667163372,0.16666667163372,0.16666667163372,0.16666667163372,36.1666666716337,11,0.16666667163372
10900,0,0.333333343267441,0.333333343267441,0.333333343267441,0.333333343267441,49.3333333432674,24,0.333333343267441
11000,0,0.142857149243355,0.142857149243355,0.142857149243355,0.142857149243355,24.1428571492434,41.1428571492434,0.142857149243355
11100,0,0.142857149243355,0.142857149243355,0.142857149243355,0.142857149243355,7.14285714924335,51.1428571492434,0.142857149243355
11200,0,0.142857149243355,0.142857149243355,0.142857149243355,0.142857149243355,2.14285714924335,62.1428571492434,0.142857149243355
11300,0,0.16666667163372,0.16666667163372,0.16666667163372,0.16666667163372,0.5,66.6666666716337,0.16666667163372
11400,0,0.16666667163372,0.16666667163372,0.16666667163372,0.16666667163372,0.5,40.6666666716337,0.16666667163372
11500,0,0.333333343267441,0.333333343267441,0.333333343267441,0.333333343267441,0.5,67.8333333432674,0.333333343267441
11600,0,0.976190507411957,0.976190507411957,0.976190507411957,0.976190507411957,1.14285714924335,72.976190507412,0.976190507411957
11700,0,0.333333343267441,0.333333343267441,0.333333343267441,0.333333343267441,0,53.3333333432674,0.333333343267441
11800,0,0.16666667163372,0.16666667163372,0.16666667163372,0.16666667163372,0,34.1666666716337,0.16666667163372
11900,0,0.809523835778236,0.809523835778236,0.809523835778236,0.809523835778236,0.142857149243355,0.809523835778236,0.809523835778236
12000,0,0.333333343267441,0.333333343267441,0.333333343267441,0.333333343267441,0,55.3333333432674,0.333333343267441
12100,0,0,0,0,0,0,41,0
12200,0,0,0,0,0,0,86,0
12300,0,0,0,0,0,0,85,0
12400,0,0,0,0,0,0,80,0
12500,0,0,0,0,0,0.5,88.5,0
12600,0,0,0,0,0,0,99,0
12700,0,0,0,0,0,0.5,98.5,0
12800,0,0,0,0,0,0,98,0
12900,0,0,0,0,0,2.5,97.5,0
13000,0,0,0,0,0,3.5,74.5,0
13100,0,0,0,0,0,20.5,73.5,0
13200,0,0.5,0,0,0,22.5,61,0
13300,0.5,0.16666667163372,0.16666667163372,0.16666667163372,0.16666667163372,15,77.6666666716337,0.16666667163372
13400,4,0.333333343267441,0,0,0.333333343267441,22.5,63.8333333432674,0
13500,1.5,0.5,0,0,0,78,10,0
13600,4.16666668653488,0,0,0,0,63.1666666865349,23.6666666865349,0
13700,4.83333337306976,0,0,0,0,48.3333333730698,24.8333333730698,0
13800,16.0000000298023,0,0,0,0,48.0000000298023,32.0000000298023,0
13900,12.5000000298023,0,0,0,0,24.0000000298023,46.5000000298023,0
14000,30.2000000178814,0.533333346247673,0.533333346247673,0.533333346247673,0.16666667163372,18.8333333432674,26.6666666865349,0.533333346247673
14100,15.9000000208616,2.28333336114883,2.28333336114883,2.28333336114883,0.16666667163372,23.7333333492279,12.0666666924953,2.28333336114883
14200,5.50000002980232,0.933333352208138,0.933333352208138,0.933333352208138,0,19.1666666865349,41.600000038743,0.933333352208138
14300,13.5297619849443,6.32976204156876,6.32976204156876,6.32976204156876,0.57738097012043,7.07738099992275,53.4964287281036,6.32976204156876
14400,6.07142868638039,7.72380970418453,7.72380970418453,7.72380970418453,0.61904764175415,13.1904763281345,49.2238097637892,7.72380970418453
14500,4.51190482079983,5.15476207435131,5.15476207435131,5.15476207435131,5.15476207435131,18.7261905670166,50.9880954474211,5.15476207435131
14600,1.75000002980232,6.7500002682209,6.7500002682209,6.7500002682209,6.7500002682209,32.2500002980232,32.2500002980232,6.7500002682209
14700,12.3750003576279,1.66071434319019,1.66071434319019,1.66071434319019,1.66071434319019,39.6607147008181,39.6607147008181,1.66071434319019
14800,4.66666680574417,0.28571429848671,0.28571429848671,0.28571429848671,0.28571429848671,14.4523811042309,14.4523811042309,0.28571429848671
14900,0,0.142857149243355,0.142857149243355,0.142857149243355,0.476190492510796,10.4761904925108,10.4761904925108,0.142857149243355
15000,0,0.142857149243355,0.142857149243355,0.142857149243355,0.809523835778236,18.3095238357782,18.3095238357782,0.142857149243355
15100,0,0.700000017881393,0.700000017881393,0.700000017881393,0.666666686534882,6.50000001490116,53.0333333611488,0.700000017881393
15200,0,0,0,0,0,10,51,0
15300,0,0.333333343267441,0.333333343267441,0.333333343267441,0.16666667163372,8.16666667163372,60.3333333432674,0.333333343267441
15400,0,0.200000002980232,0.200000002980232,0.200000002980232,1,4.5,72.7000000029802,0.200000002980232
15500,0,0.200000002980232,0.400000005960464,0.400000005960464,0.200000002980232,2,71.4000000059605,0.400000005960464
15600,0,0.933333352208138,3.6833333671093,3.6833333671093,1.3333333581686,1,85.6833333671093,3.6833333671093
15700,0,1.50000002980232,3.70000004768372,3.70000004768372,1.70000003278255,0.5,85.2000000476837,3.70000004768372
15800,0,1.00000001490116,3.55000002682209,3.55000002682209,0.800000011920929,1,86.5500000268221,3.55000002682209
15900,0,0.333333343267441,1.53333336114883,1.53333336114883,1.53333336114883,1.5,92.0333333611488,1.53333336114883
16000,0,0.16666667163372,1.16666668653488,1.16666668653488,1.16666668653488,0.5,83.6666666865349,1.16666668653488
16100,0,0.333333343267441,0.533333346247673,0.533333346247673,0.533333346247673,0,83.5333333462477,0.533333346247673
16200,0,0,0,0,0,0,84,0
16300,0,0.16666667163372,0.16666667163372,0.16666667163372,0.16666667163372,0,90.1666666716337,0.16666667163372
16400,0,0,0,0,0,0,64,0
16500,0,0,0,0,0,1,48,0
16600,0,0,0,0,0,0.5,57.5,0
16700,0,0,0,0,0,0,68,0
16800,0,0,0,0,0,0,98,0
16900,0,0,0,0,0,0,97,0
17000,0,0,0,0,0,0.5,97.5,0
17100,0,0,0,0,0,0,92,0
17200,0,0,0,0,0,0,99,0
17300,0,0,0,0,0,1.5,97.5,0
17400,0,0,0,0,0,0.5,98.5,0
17500,0,0,0,0,0,2.5,82.5,0
17600,0,0,0,0,0,17,53,0
17700,0,0.5,0,0,2.5,47,28,0
17800,0,0.5,0,0,1.5,23,46,0
17900,0,0.200000002980232,0.200000002980232,0.200000002980232,8.70000000298023,30,43.5,0.200000002980232
18000,0,0.800000011920929,0.800000011920929,0.800000011920929,30.8000000119209,15.5,9.5,0.800000011920929
18100,0,0,0,0,0,24.5,39.5,0
18200,0,0,0,0,0,48,19,0
18300,0,0,0,0,0,33,10,0
18400,0,0,0,0,0,39,2,0
18500,0,1.25000002980232,0,1.91666668653488,0.75,36.4166666865349,11.6666666865349,0
18600,0,0.75,0,0.583333343267441,2.08333334326744,28.5833333432674,1,0
18700,0,1,0,1.50000002980232,6.00000002980232,14.1666666865349,1.33333334326744,0
18800,0,2,0,0,8.5,4,0.5,0
18900,0,7.13333338499069,1.55000001192093,6.38333338499069,41.3833333849907,0,0,1.55000001192093
19000,0,15.8666667640209,4.70000001788139,13.3666667640209,61.3666667640209,0,0,4.70000001788139
19100,0,15.0333334952593,2.70000000298023,12.0333334952593,67.5333334952593,0,0,2.70000000298023
19200,0,19.1333334296942,4.30000002682209,10.1333334296942,62.1333334296942,0,0,4.30000002682209
19300,0,20.0000002980232,20.0000002980232,20.0000002980232,20.0000002980232,0,0,20.0000002980232
19400,0,2.20000003278255,2.20000003278255,2.20000003278255,2.20000003278255,0,0,2.20000003278255
19500,0,2.40000003576279,2.40000003576279,2.40000003576279,2.40000003576279,0,0,2.40000003576279
19600,0,1.30952383577824,1.30952383577824,1.30952383577824,1.30952383577824,0.142857149243355,5.30952382087708,1.30952383577824
19700,0,4.70000001788139,0.366666674613953,0.366666674613953,3.20000001788139,0,9.00000001490116,0.366666674613953
19800,0,5.33333334326744,0,0,0.833333343267441,1.83333334326744,3,0
19900,0,2.53333336114883,0.366666674613953,0.366666674613953,0.833333358168602,11.7000000178814,4.83333334326744,0.366666674613953
20000,0,1.16666668653488,0,0,4.66666668653488,18.6666666865349,4.5,0
20100,0,3.33333334326744,0,0,3.16666668653488,23.1666666865349,0.333333343267441,0
20200,0,7.86666668951511,0.700000002980232,0.700000002980232,20.6666666865349,54.3666666895151,0,0.700000002980232
20300,0,3.8333333581686,0.16666667163372,0.16666667163372,13.3333333581686,41.3333333581686,1,0.16666667163372
20400,0,2.58333337306976,0.25,0.25,24.3333333730698,21.3333333730698,0,0.25
20500,0,0,0,0,25,10,0,0
20600,0,0,0,0,33,0,0,0
20700,0,0.200000002980232,0.200000002980232,0.200000002980232,19.2000000029802,6,0,0.200000002980232
20800,0,0.200000002980232,0.200000002980232,0.200000002980232,15.2000000029802,8,0,0.200000002980232
20900,0,0,0,0,24.5,2.5,0,0
21000,0,0,0,0,12,0,0,0
21100,0,0,0,0,26,1,0,0
21200,0,0,0,0,11,1,0,0
21300,0,0,0,0,7.5,8.5,0,0
21400,0,0,0,0,4.5,13.5,0,0
21500,0,0.400000005960464,0.400000005960464,0.400000005960464,20.4000000059605,11,0,0.400000005960464
21600,0,0,0,0,0.5,22,5.5,0
21700,0,0,0,0,0,24,27,0
21800,0,0,0,0,0,20,33,0
21900,0,0,0,0,0,33,44,0
22000,0,0,0,0,0,68,20,0
22100,0,0,0,0,0,63,25,0
22200,0,0,0,0,0,68,18,0
22300,0,0,0,0,0,67,23,0
22400,0,0,0,0,0,74.5,25.5,0
22500,0,0.25,0.25,0.25,0,75.75,23.5,0
22600,0,1.25,1.25,1.25,0.25,87,6,0
22700,0,0,0,0,0,91.5,6.5,0
22800,0,0.816666677594185,0.816666677594185,0.816666677594185,0.366666674613953,72.0666666775942,17.6666666716337,0.450000002980232
22900,0,1.65000000596046,1.65000000596046,1.65000000596046,0,35.4000000059605,47.4000000059605,0.25
23000,0,0.200000002980232,0.200000002980232,0.200000002980232,0.200000002980232,25,24,0.200000002980232
23100,0,0,0,0,0,35,31,0
23200,0,0,0,0,0,45.5,14.5,0
23300,0,0,0,0,0,27.5,10.5,0
23400,0,0,0,0,0,8.5,4.5,0
23500,0,0,0,0,0,2.5,5.5,0
23600,0,0,0,0,0,5,5,0
23700,0,0.25,0.25,0.25,0,5,1,0.25
23800,0,0.700000002980232,0.700000002980232,0.700000002980232,0.200000002980232,17.5,0.5,0.700000002980232
23900,0,1.03333334624767,1.03333334624767,1.03333334624767,0.16666667163372,10.0333333462477,0.66666667163372,1.03333334624767
24000,0,1.22857145965099,1.22857145965099,1.22857145965099,1.22857145965099,2.92857144773006,2.92857144773006,1.22857145965099
24100,0,2.14285723865032,2.14285723865032,2.14285723865032,2.14285723865032,2.14285723865032,2.14285723865032,2.14285723865032
24200,0,14.2857149243355,14.2857149243355,14.2857149243355,14.2857149243355,14.2857149243355,14.2857149243355,14.2857149243355
24300,0,14.2857149243355,14.2857149243355,14.2857149243355,14.2857149243355,14.2857149243355,14.2857149243355,14.2857149243355
24400,0,14.2857149243355,14.2857149243355,14.2857149243355,14.2857149243355,14.2857149243355,14.2857149243355,14.2857149243355
24500,0,5.28571452200413,5.28571452200413,5.28571452200413,5.28571452200413,36.7857145220041,36.7857145220041,5.28571452200413
24600,0,1.14285719394684,1.14285719394684,1.14285719394684,1.14285719394684,47.1428571939468,47.1428571939468,1.14285719394684
24700,0,0.28571429848671,0.28571429848671,0.28571429848671,0.28571429848671,49.2857142984867,49.2857142984867,0.28571429848671
24800,0,0,0,0,0,50,50,0
24900,0,0,0,0,0,18.5,18.5,0
25000,0,0,0,0,0,17.5,17.5,0
25100,0,0,0,0,0,18,18,0
25200,0,0,0,0,0,18,18,0
25300,0,0,0,0,0,18,18,0
25400,0,0,0,0,0,16,16,0
25500,0,0,0,0,0,24,24,0
25600,0,0,0,0,0,20,20,0
25700,0,0,0,0,0,50,50,0
25800,0,0,0,0,0,50,50,0
25900,0,0,0,0,0,50,50,0
26000,0,0.500000014901161,0.500000014901161,0.500000014901161,0,49.0000000149012,49.0000000149012,0.500000014901161
26100,0,0.928571462631226,0.928571462631226,0.928571462631226,0.428571447730064,47.9285714626312,47.9285714626312,0.928571462631226
26200,0,0.45238097012043,0.45238097012043,0.45238097012043,0.28571429848671,48.9523809701204,48.9523809701204,0.45238097012043
26300,0,1.7142857760191,1.7142857760191,1.7142857760191,0.714285746216774,46.2142857760191,46.2142857760191,1.7142857760191
26400,0,2.64285723865032,2.64285723865032,2.64285723865032,1.14285719394684,44.1428572386503,44.1428572386503,2.64285723865032
26500,0,3.00000010430813,3.00000010430813,3.00000010430813,12.6666668206453,69.1666668206453,6.16666676104069,3.00000010430813
26600,0,0.785714313387871,2.55238100886345,2.55238100886345,13.3857143819332,72.8857143819332,5.28571434319019,2.55238100886345
26700,0,1.00000002980232,2.00000004470348,2.00000004470348,13.1666667312384,77.6666667312384,2.16666668653488,2.00000004470348
26800,0,1.16666670143604,2.36666671931744,2.36666671931744,14.3666667193174,14.3666667193174,0,2.36666671931744
26900,0,0.500000014901161,1.70000003278255,1.70000003278255,3.20000003278255,57.7000000327826,0.5,1.70000003278255
27000,0,0.200000002980232,0.450000002980232,0.450000002980232,21.4500000029802,20.5,6.5,0.450000002980232
27100,0,0.200000002980232,0.450000002980232,0.450000002980232,15.9500000029802,28,1.5,0.450000002980232
27200,0,0,0,0,19.3333333432674,21.8333333432674,5.83333334326744,0
27300,0,0.200000002980232,0.450000002980232,0.450000002980232,0.450000002980232,8,18,0.450000002980232
27400,0,0.400000005960464,0.400000005960464,0.400000005960464,0.400000005960464,2.5,17.5,0.400000005960464
27500,0,0.400000005960464,0.400000005960464,0.400000005960464,0.400000005960464,4.5,39.5,0.400000005960464
27600,0,1.70000001788139,0.16666667163372,1.70000001788139,1.70000001788139,0.200000002980232,69.366666674614,0.16666667163372
27700,0,0.75,0,0.75,0.75,0.5,81.25,0
27800,0,4.10000003874302,1.06666669249535,4.10000003874302,4.10000003874302,8.61666667461395,27.9500000178814,1.06666669249535
27900,0,10.0000001341105,2.30000004172325,10.0000001341105,10.0000001341105,10.4500000029802,40.9500000178814,2.30000004172325
28000,0,10.7452382743359,2.89523816108704,10.7452382743359,10.7452382743359,29.5285714864731,26.4452381432056,2.89523816108704
28100,0,5.56666675209999,1.4333333671093,5.56666675209999,5.56666675209999,32.2166666984558,43.2166666835546,1.4333333671093
28200,0,3.43333338201046,0.833333358168602,3.43333338201046,3.43333338201046,72.4333333820105,15.6000000238419,0.833333358168602
28300,0,1.53333334624767,0.333333343267441,1.53333334624767,1.53333334624767,46.0333333462477,5.70000000298023,0.333333343267441
28400,0,0.928571462631226,0.928571462631226,0.928571462631226,1.76190480589867,62.2619048058987,6.26190479099751,0.928571462631226
28500,0,0,0,0,0.333333343267441,8.83333334326744,0.833333343267441,0
28600,0,0,0,0,0,0.5,0.5,0
28700,0,0,0,0,0,0,0,0
28800,0,0,0,0,0,3.5,3.5,0
28900,0,0,0,0,0.5,2.5,0,0
29000,0,0,0,0,0,1,0,0
29100,0,0,0,0,0.5,3.5,2,0
29200,0,0,0,0,0,0.5,5.5,0
29300,0,0,0,0,0,11,9,0
29400,0,0,0,0,0,14.5,21.5,0
29500,0,0,0,0,0,29,27,0
29600,0,0,0,0,0,20.5,6.5,0
29700,0,0,0,0,0,39,17,0
29800,0,0,0,0,0,49.5,19.5,0
29900,0,0,0,0,0,52,24,0
30000,0,0,0,0,0,54.5,6.5,0
30100,0,0,0,0,1,33,36,0
30200,0,0,0,0,1,13,18,0
30300,0,0,0,0,0,11.5,4.5,0
30400,0,0.25,0.25,0.25,1,10,10,0.25
30500,0,0,0,0,2,9.5,13.5,0
30600,0,0.25,0.25,0.25,0,6.5,20.5,0.25
30700,0,0,0,0,1,5,11,0
30800,0,0,0,0,4,1,6,0
30900,0,0,0,0,0,6,3,0
31000,0,0,0,0,0,7.5,6.5,0
31100,0,0,0,0,1,25.5,7.5,0
31200,0,0,0,0,0,17.5,17.5,0
31300,0,0.333333343267441,0,0,0.333333343267441,7.5,37.8333333432674,0
31400,0,0.16666667163372,0.16666667163372,0.16666667163372,0.16666667163372,9,30.1666666716337,0.16666667163372
31500,0,0.666666686534882,0,0,1.33333334326744,12.5000000298023,13.5000000298023,0
31600,0,4.66666668653488,0,0,6.66666668653488,9.83333334326744,38.8333333432674,0
31700,0,2.33333334326744,0.25,0.25,3.58333334326744,14.0833333432674,40.25,0.25
31800,0,20.0666666924953,0.900000005960464,0.900000005960464,24.8666666895151,22.0333333462477,10.3333333432674,0.900000005960464
31900,0,11.2833333462477,0.450000002980232,0.450000002980232,1.83333334326744,12.2000000029802,58.3333333432674,0.450000002980232
32000,0,1.33333334326744,0,0,0.333333343267441,22.5,61.8333333432674,0
32100,0,0.400000005960464,0.400000005960464,0.400000005960464,0.400000005960464,10.5,77.5,0.400000005960464
32200,0,0,0,0,0,12,78,0
32300,0,0.16666667163372,0.16666667163372,0.16666667163372,0.16666667163372,12.6666666716337,85.5,0.16666667163372
32400,0,0,0,0,0,14.5,54.5,0
32500,0,0,0,0,0,23.5,45.5,0
32600,0,0,0,0,0,0,60,0
32700,0,0,0,0,0,23.5,20.5,0
32800,0,0,0,0,0,16.5,16.5,0
32900,0,0.25,0.25,0.25,0,16.5,0.5,0.25
33000,0,0,0,0,0,35.5,0.5,0
33100,0,0,0,0,0,37,1,0
33200,0,0.200000002980232,0.200000002980232,0.200000002980232,0,79.7000000029802,3.5,0.200000002980232
33300,0,0,0,0,0,78.5,2.5,0
33400,0,0,0,0,0,81.5,5.5,0
33500,0,0,0,0,0,67,9,0
33600,0,0,0,0,0,82,18,0
33700,0,0,0,0,0,53.5,7.5,0
33800,0,0.476190492510796,0.476190492510796,0.476190492510796,0.476190492510796,23.8095238357782,23.8095238357782,0.476190492510796
33900,0,0,0,0,0.333333343267441,19.3333333432674,19.3333333432674,0
34000,0,0,0,0,0,55.5,10.5,0
34100,0,0.16666667163372,0.16666667163372,0.16666667163372,0.16666667163372,76.6666666716337,1.5,0.16666667163372
34200,0,0,0,0,6.83333340287209,52.8333334028721,2.33333340287209,0
34300,0,0,0,0,1.00000002980232,73.0000000298023,4.00000002980232,0
34400,0,0,0,0,8.6666667163372,42.1666667163372,15.1666667163372,0
34500,0,0,0,0,2.50000002980232,71.0000000298023,25.5000000298023,0
34600,0,0.200000002980232,0.200000002980232,0.200000002980232,4.03333337605,68.8333333730698,24.3333333730698,0.200000002980232
34700,0,0,0,0,1,82,17,0
34800,0,0,0,0,0.5,72.5,26,0
34900,0,0.25,0.25,0.25,3.83333334326744,66.3333333432674,26.8333333432674,0.25
35000,0,0,0,0,0,69,29,0
35100,0,1.1000000089407,1.1000000089407,1.1000000089407,0,65,24.6000000089407,1.1000000089407
35200,0,0.200000002980232,0.200000002980232,0.200000002980232,0,61.2000000029802,37,0.200000002980232
35300,0,1.10000002384186,1.10000002384186,1.10000002384186,0.333333343267441,63.1000000238419,24.1666666716337,1.10000002384186
35400,0,0.950000002980232,0.950000002980232,0.950000002980232,0.200000002980232,17.5,48.5,0.950000002980232
35500,0,5.94285720586777,5.94285720586777,5.94285720586777,2.24285718798637,1.64285714924335,56.3428571820259,5.94285720586777
35600,0,0.200000002980232,0.200000002980232,0.200000002980232,0,3,96.2000000029802,0.200000002980232
35700,0,0,0,0,0,0.5,99.5,0
35800,0,0.200000002980232,0.200000002980232,0.200000002980232,0,0,99.2000000029802,0.200000002980232
35900,0,0.16666667163372,0.16666667163372,0.16666667163372,0.66666667163372,0.5,98.1666666716337,0.16666667163372
36000,0,0.16666667163372,0.16666667163372,0.16666667163372,1.16666667163372,0,98.1666666716337,0.16666667163372
36100,0,0,0,0,0.5,0.5,92,0
36200,0,0,0,0,0,1,85,0
36300,0,0,0,0,1.00000002980232,19.5000000298023,19.5000000298023,0
36400,0,0.28571429848671,0.61904764175415,0.61904764175415,3.95238107442856,16.9523810744286,16.9523810744286,0.61904764175415
36500,0,0.428571447730064,0.761904790997505,0.761904790997505,3.76190488040447,15.7619048804045,15.7619048804045,0.761904790997505
36600,0,3.89285723865032,2.47619053721428,2.47619053721428,1.55952383577824,8.55952394008636,8.55952394008636,2.47619053721428
36700,0,4.14285726845264,2.642857208848,2.642857208848,0.642857164144516,8.64285729825497,8.64285729825497,2.642857208848
36800,0,1.86666668951511,1.85000002384186,1.85000002384186,2.06666669249535,4.00000002980232,36.5166667103767,1.85000002384186
36900,0,15.0261906683445,3.60952389240265,3.60952389240265,4.89285722374916,10.3928573131561,58.8595240414143,3.60952389240265
37000,0,11.2000001519918,3.03333340585232,3.03333340585232,4.33333340287209,17.8333334773779,57.5333335250616,3.03333340585232
37100,0,10.8095238655806,0.809523835778236,0.809523835778236,3.9761904925108,12.642857208848,70.142857208848,0.809523835778236
37200,0,2.73333336412907,0.566666677594185,0.566666677594185,2.00000001490116,7.00000002980232,86.5666667073965,0.566666677594185
37300,0,2.03333334624767,0.200000002980232,0.200000002980232,1.33333334326744,10.1666666865349,85.8666666895151,0.200000002980232
37400,0,1.00000002980232,0.333333343267441,0.333333343267441,2.00000002980232,10,86.0000000298023,0.333333343267441
37500,0,0.583333343267441,0,0,1.08333334326744,5.75,92.5833333432674,0
37600,0,0.833333343267441,0,0,0.833333343267441,24,74.3333333432674,0
37700,0,0,0,0,0,50.5,49.5,0
37800,0,0,0,0,0,47.5,51.5,0
37900,0,0.333333343267441,0.333333343267441,0.333333343267441,0.333333343267441,35.5,61.8333333432674,0.333333343267441
38000,0,0,0,0,0,80.5,19.5,0
38100,0,0.142857149243355,0.342857152223587,0.342857152223587,0.342857152223587,74.8428571522236,23.6428571492434,0.342857152223587
38200,0,0,0,0,0,86,14,0
38300,0,0.142857149243355,0.342857152223587,0.342857152223587,0.342857152223587,77.3428571522236,21.1428571492434,0.342857152223587
38400,0,0.16666667163372,0.500000014901161,0.500000014901161,0.500000014901161,85.0000000149012,12.8333333432674,0.500000014901161
38500,0,0.785714313387871,3.21904769539833,3.21904769539833,3.21904769539833,13.6190476566553,72.7190476953983,3.21904769539833
38600,0,0.761904790997505,2.0619048178196,2.0619048178196,2.0619048178196,16.9285714626312,74.0619048178196,2.0619048178196
38700,0,1.11904765665531,2.4190476834774,2.4190476834774,2.4190476834774,18.2857143133879,70.9190476834774,2.4190476834774
38800,0,5.20238110423088,1.95238101482391,1.95238101482391,5.20238110423088,6.03571429848671,77.7023811042309,1.95238101482391
38900,0,0.833333358168602,0.16666667163372,0.16666667163372,0.833333358168602,9,88.8333333581686,0.16666667163372
39000,0,1.00000002980232,0,0,1.00000002980232,6,92.0000000298023,0
39100,0,0.333333343267441,0,0,0.333333343267441,4,95.3333333432674,0
39200,0,1.16666670143604,0.16666667163372,0.16666667163372,1.16666670143604,3,94.166666701436,0.16666667163372
39300,0,2.08333337306976,0,0,2.08333337306976,6.75,89.0833333730698,0
39400,0,0.16666667163372,0.16666667163372,0.16666667163372,0.16666667163372,8.5,90.6666666716337,0.16666667163372
39500,0,0,0,0,0,8,92,0
39600,0,0,0,0,0.333333343267441,21.3333333432674,78.3333333432674,0
39700,0,0,0,0,0.5,18,81.5,0
39800,0,0,0,0,0,19,81,0
39900,0,0,0,0,0,21.5,78.5,0
40000,0,0,0,0,0.333333343267441,49.8333333432674,49.8333333432674,0
40100,0,0,0,0,0,18,18,0
40200,0,0,0,0,0,15.5,15.5,0
40300,0,0,0,0,1,20.5,20.5,0
40400,0,0,0,0,0,18.5,18.5,0
40500,0,0,0,0,0,8,46,0
40600,0,0,0,0,0,5,44,0
40700,0,0,0,0,0,21,77,0
40800,0,0,0,0,0,17,82,0
40900,0,0,0,0,0,19.5,80.5,0
41000,0,0,0,0,0,20,77,0
41100,0,0,0,0,0,16,74,0
41200,0,0,0,0,0,12.5,78.5,0
41300,0,0,0,0,0,35.5,35.5,0
41400,0,0,0,0,0,41,41,0
41500,0,0,0,0,0,6,6,0
41600,0,0,0,0,0,1.5,1.5,0
41700,0,0.16666667163372,0.16666667163372,0.16666667163372,0.16666667163372,3.66666667163372,0.5,0.16666667163372
41800,0,0.16666667163372,0.16666667163372,0.16666667163372,0.16666667163372,16.5,17.6666666716337,0.16666667163372
41900,0,0.16666667163372,0.16666667163372,0.16666667163372,0.16666667163372,26.5,30.6666666716337,0.16666667163372
42000,0,0.933333352208138,0.933333352208138,0.933333352208138,0.933333352208138,13.3333333432674,21,0.933333352208138
42100,0,0.16666667163372,0.16666667163372,0.16666667163372,0.16666667163372,20,26.1666666716337,0.16666667163372
42200,0,0,0,0,0,0,0,0
42300,0,0,0,0,0,0,0,0
42400,0,0,0,0,0,0,0,0
42500,0,0,0,0,0,0,0,0
42600,0,0,0,0,0,0,0,0
42700,0,0,0,0,0,0,1,0
42800,0,0,0,0,0,0,6,0
42900,0,0,0,0,0,0,4,0
43000,0,0,0,0,0,0,99,0
43100,0,0,0,0,0,0.5,97.5,0
43200,0,0.200000002980232,0.200000002980232,0.200000002980232,0,0,99.2000000029802,0.200000002980232
43300,0,0.200000002980232,0.200000002980232,0.200000002980232,0,1,98.2000000029802,0.200000002980232
43400,0,2.83333340287209,2.83333340287209,2.83333340287209,1.50000004470348,0.333333343267441,86.8333334028721,2.83333340287209
43500,0,1.88571433722973,1.88571433722973,1.88571433722973,0.785714313387871,0.785714313387871,90.8857143372297,1.88571433722973
43600,0,2.16666674613953,2.16666674613953,2.16666674613953,2.16666674613953,6.00000004470348,83.1666667461395,2.16666674613953
43700,0,6.50000022351742,6.50000022351742,6.50000022351742,6.50000022351742,11.500000089407,56.0000002235174,6.50000022351742
43800,0,6.64285737276077,6.64285737276077,6.64285737276077,6.64285737276077,13.1428572386503,53.6428573727608,6.64285737276077
43900,0,2.33809530735016,2.33809530735016,2.33809530735016,1.2380952835083,16.5714286118746,72.8380953073502,2.33809530735016
44000,0,0,0,0,0,19,81,0
44100,0,0,0,0,0,17,83,0
44200,0,0,0,0,0,3.5,3.5,0
44300,0,0,0,0,0,6,52,0
44400,0,0,0,0,0,7,44,0
44500,0,0,0,0,0,4.5,51.5,0
44600,0,0,0,0,0,5,49,0
44700,0,0,0,0,0,12,35,0
44800,0,0,0,0,0,14.5,29.5,0
44900,0,0,0,0,0,10,30,0
45000,0,0,0,0,0,37,52,0
45100,0,0,0,0,0,23.5,64.5,0
45200,0,0,0,0,0,25,60,0
45300,0,0,0,0,0,2.5,12.5,0
45400,0,0,0,0,0,2,10,0
45500,0,0,0,0,0,0,17,0
45600,0,0,0,0,0,0.5,13.5,0
45700,0,0,0,0,0,0,8,0
45800,0,0,0,0,0,0,14,0
45900,0,0,0,0,0,8,0,0
46000,0,0,0,0,0,5,0,0
46100,0,0.928571462631226,0.928571462631226,0.928571462631226,0.928571462631226,76.9285714626312,18.4285714477301,0.928571462631226
46200,0,0.28571429848671,0.28571429848671,0.28571429848671,0.28571429848671,61.7857142984867,4.78571429848671,0.28571429848671
46300,0,0.428571447730064,0.428571447730064,0.428571447730064,0.428571447730064,57.9285714477301,6.92857144773006,0.428571447730064
46400,0,6.69047643244267,6.69047643244267,6.69047643244267,6.69047643244267,6.69047643244267,2.8571429848671,6.69047643244267
46500,0,2.18571434915066,2.18571434915066,2.18571434915066,1.28571432828903,2.18571434915066,29.7857143133879,2.18571434915066
46600,0,0.566666677594185,0.566666677594185,0.566666677594185,0.16666667163372,40.0666666775942,14.5,0.566666677594185
46700,0,0.333333343267441,0.333333343267441,0.333333343267441,0.16666667163372,25.3333333432674,31.1666666716337,0.333333343267441
46800,0,0.652380973100662,0.652380973100662,0.652380973100662,0.28571429848671,20.6523809731007,39.4523809701204,0.652380973100662
46900,0,0.766666680574417,0.766666680574417,0.766666680574417,0,30.7666666805744,33.1666666716337,0.766666680574417
47000,0,0.342857152223587,0.342857152223587,0.342857152223587,0.476190492510796,24.176190495491,56.9761904925108,0.342857152223587
47100,0,0.70952382683754,0.70952382683754,0.70952382683754,1.14285716414452,24.542857170105,58.4761904925108,0.70952382683754
47200,0,0.533333346247673,0.533333346247673,0.533333346247673,0.833333343267441,28.5333333462477,54.5,0.533333346247673
47300,0,0.309523820877075,0.309523820877075,0.309523820877075,1.97619050741196,60.476190507412,15.3095238357782,0.309523820877075
47400,0,5.28571452200413,5.28571452200413,5.28571452200413,26.2857151478529,26.2857151478529,26.2857151478529,5.28571452200413
47500,0,2.14285723865032,2.14285723865032,2.14285723865032,9.14285744726658,9.14285744726658,9.14285744726658,2.14285723865032
47600,0,1.85714294016361,1.85714294016361,1.85714294016361,8.52380980551243,8.52380980551243,8.52380980551243,1.85714294016361
47700,0,2.6190477013588,2.6190477013588,2.6190477013588,2.6190477013588,2.6190477013588,0.28571429848671,2.6190477013588
47800,0,0.61904764175415,0.61904764175415,0.61904764175415,3.61904767155647,3.61904767155647,1.28571432828903,0.61904764175415
47900,0,1.15952382981777,1.15952382981777,1.15952382981777,4.14285716414452,5.67619049549103,12.542857170105,1.15952382981777
48000,0,1.00952383875847,1.00952383875847,1.00952383875847,8.47619050741196,6.80952383577824,9.67619051039219,1.00952383875847
48100,0,0.342857152223587,0.342857152223587,0.342857152223587,7.14285717904568,16.8428571820259,11.6428571790457,0.342857152223587
48200,0,0.366666674613953,0.366666674613953,0.366666674613953,5.86666667461395,1.66666667163372,6,0.366666674613953
48300,0,0.66666667163372,0.66666667163372,0.66666667163372,4.3333333581686,9.16666668653488,11.8333333581686,0.66666667163372
48400,0,0.16666667163372,0.16666667163372,0.16666667163372,5.3333333581686,10.3333333581686,14.6666666865349,0.16666667163372
48500,0,0.342857152223587,0.342857152223587,0.342857152223587,0.642857149243355,8.14285714924335,45.8428571522236,0.342857152223587
48600,0,1.3619047999382,1.3619047999382,1.3619047999382,2.92857147753239,6.26190482079983,41.3619048297405,1.3619047999382
48700,0,0.428571447730064,0.428571447730064,0.428571447730064,2.76190485060215,12.7619048506022,12.7619048506022,0.428571447730064
48800,0,0.333333343267441,0.333333343267441,0.333333343267441,4.83333337306976,5.00000002980232,35.8333333730698,0.333333343267441
48900,0,2.0714286416769,2.0714286416769,2.0714286416769,2.0714286416769,5.57142859697342,34.0714286416769,2.0714286416769
49000,0,2.51904767751694,0.45238097012043,2.51904767751694,2.51904767751694,17.9523809850216,71.5190476775169,2.51904767751694
49100,0,2.26904766261578,1.01904764771461,2.26904766261578,2.26904766261578,40.1523809731007,39.7523809820414,2.26904766261578
49200,0,0.700000002980232,0.200000002980232,0.700000002980232,0.700000002980232,72.5,18.5,0.700000002980232
49300,0,1.18333335220814,0.650000005960464,1.18333335220814,0,62.1000000089407,7.70000000298023,1.18333335220814
49400,0,1.23333334922791,0.450000002980232,1.23333334922791,0,61.4500000029802,6.40000000596046,1.23333334922791
49500,0,0.25,0,0.25,0,70.25,4,0.25
49600,0,0.450000002980232,0,0.450000002980232,0,78.4500000029802,0.200000002980232,0.450000002980232
49700,0,0.700000002980232,0.200000002980232,0.700000002980232,0,82.7000000029802,2,0.700000002980232
49800,0,0.200000002980232,0.200000002980232,0.200000002980232,0,77.7000000029802,1.5,0.200000002980232
49900,0,0.566666677594185,0.566666677594185,0.566666677594185,0,72.0666666775942,3.66666667163372,0.566666677594185
50000,0,3.14285723865032,3.14285723865032,3.14285723865032,0.142857149243355,10.1428572386503,10.1428572386503,3.14285723865032
50100,0,5.78571449220181,5.78571449220181,5.78571449220181,2.28571438789368,37.2857144922018,37.2857144922018,5.78571449220181
50200,0,6.80952402949333,6.80952402949333,6.80952402949333,1.14285719394684,35.8095240294933,35.8095240294933,6.80952402949333
50300,0,2.6190477013588,2.6190477013588,2.6190477013588,0.28571429848671,44.6190477013588,44.6190477013588,2.6190477013588
50400,0,3.04761914908886,3.04761914908886,3.04761914908886,0.714285746216774,43.5476191490889,43.5476191490889,3.04761914908886
50500,0,4.64285728335381,4.64285728335381,4.64285728335381,0.142857149243355,40.6428572833538,40.6428572833538,4.64285728335381
50600,0,1.92857149243355,1.92857149243355,1.92857149243355,2.42857150733471,44.9285715520382,44.9285715520382,1.92857149243355
50700,0,2.38095246255398,2.38095246255398,2.38095246255398,1.7142857760191,44.3809524923563,44.3809524923563,2.38095246255398
50800,0,0,0,0,0,50,50,0
50900,0,0,0,0,0.333333343267441,49.8333333432674,49.8333333432674,0
51000,0,0,0,0,0,82.5,17.5,0
51100,0,0,0,0,0.5,78.5,21,0
51200,0,0,0,0,0,81.5,18.5,0
51300,0,0,0,0,0,79.5,20.5,0
51400,0,0,0,0,0,80.5,19.5,0
51500,0,0,0,0,0,83.5,16.5,0
51600,0,0.366666674613953,0.366666674613953,0.366666674613953,0.16666667163372,77.366666674614,21,0.366666674613953
51700,0,0.366666674613953,0.366666674613953,0.366666674613953,0,81.366666674614,17.1666666716337,0.366666674613953
51800,0,1.00000002980232,1.00000002980232,1.00000002980232,0,48.0000000298023,48.0000000298023,1.00000002980232
51900,0,1.57142862677574,1.57142862677574,1.57142862677574,0.571428596973419,46.5714286267757,46.5714286267757,1.57142862677574
52000,0,1.24285717308521,1.24285717308521,1.24285717308521,0.476190492510796,79.2428571730852,15.3095238208771,1.24285717308521
52100,0,1.04285717010498,1.04285717010498,1.04285717010498,0.476190492510796,79.542857170105,15.8095238208771,1.04285717010498
52200,0,1.69523814320564,1.69523814320564,1.69523814320564,1.09523813426495,73.1952381432056,18.9285714477301,1.69523814320564
52300,0,0.90476194024086,0.90476194024086,0.90476194024086,0.90476194024086,74.4047619402409,21.0714285969734,0.90476194024086
52400,0,0.595238119363785,0.595238119363785,0.595238119363785,0.595238119363785,81.0952381193638,15.9285714477301,0.595238119363785
52500,0,0.309523820877075,0.309523820877075,0.309523820877075,0.309523820877075,78.3095238208771,20.1428571492434,0.309523820877075
52600,0,0.142857149243355,0.509523823857307,0.509523823857307,0.509523823857307,74.0095238238573,23.8095238208771,0.509523823857307
52700,0,0.142857149243355,1.44285717606544,1.44285717606544,1.44285717606544,74.4428571760654,19.6428571641445,1.44285717606544
52800,0,1.14285719394684,2.64285723865032,2.64285723865032,2.64285723865032,44.1428572386503,44.1428572386503,2.64285723865032
52900,0,1.89285719394684,1.24285717308521,1.24285717308521,4.8261905759573,74.3261905759573,15.2261905223131,1.24285717308521
53000,0,2.75000007450581,2.83333338797092,2.83333338797092,11.916666790843,71.416666790843,5.41666668653488,2.83333338797092
53100,0,1.89285719394684,0.642857164144516,0.642857164144516,3.72619053721428,43.7261905372143,1.7261904925108,0.642857164144516
53200,0,2.91666674613953,3.10000006854534,3.10000006854534,15.0166668146849,15.0166668146849,1.75000004470348,3.10000006854534
53300,0,4.08333344757557,2.00000004470348,2.00000004470348,14.5833335071802,14.5833335071802,1.75000004470348,2.00000004470348
53400,0,7.35714307427406,2.52380961179733,2.52380961179733,7.35714307427406,7.35714307427406,1.35714289546013,2.52380961179733
53500,0,8.70238119363785,2.6190477013588,2.6190477013588,8.70238119363785,8.70238119363785,1.03571429848671,2.6190477013588
53600,0,8.79761931300163,2.21428579092026,2.21428579092026,8.79761931300163,8.79761931300163,0.964285746216774,2.21428579092026
53700,0,7.00000023841858,7.00000023841858,7.00000023841858,7.00000023841858,7.00000023841858,2.00000008940697,7.00000023841858
53800,0,5.28571452200413,5.28571452200413,5.28571452200413,5.28571452200413,5.28571452200413,5.28571452200413,5.28571452200413
53900,0,14.2857149243355,14.2857149243355,14.2857149243355,14.2857149243355,14.2857149243355,14.2857149243355,14.2857149243355
54000,0,5.28571452200413,5.28571452200413,5.28571452200413,26.2857151478529,26.2857151478529,26.2857151478529,5.28571452200413
54100,0,5.14285737276077,5.14285737276077,5.14285737276077,26.476191341877,26.476191341877,26.476191341877,5.14285737276077
54200,0,5.14285737276077,5.14285737276077,5.14285737276077,26.476191341877,26.476191341877,26.476191341877,5.14285737276077
54300,0,2.00000008940697,2.00000008940697,2.00000008940697,9.33333364129066,73.3333336412907,9.33333364129066,2.00000008940697
54400,0,2.42857153713703,2.42857153713703,2.42857153713703,9.76190508902073,70.7619050890207,9.76190508902073,2.42857153713703
54500,0,1.38095243275166,1.38095243275166,1.38095243275166,13.2142858654261,36.0476191788912,13.2142858654261,1.38095243275166
54600,0,0.976190507411957,0.976190507411957,0.976190507411957,4.14285722374916,44.3095238655806,36.6428572237492,0.976190507411957
54700,0,1.10476194322109,1.10476194322109,1.10476194322109,10.771428629756,63.404761955142,14.404761955142,1.10476194322109
54800,0,0.900000020861626,0.900000020861626,0.900000020861626,0.900000020861626,67.1666666716337,16.3333333432674,0.900000020861626
54900,0,1.57619051635265,1.57619051635265,1.57619051635265,1.57619051635265,40.9761904925108,39.1428571641445,1.57619051635265
55000,0,0.933333352208138,0.933333352208138,0.933333352208138,0.933333352208138,45,27.3333333432674,0.933333352208138
55100,0,1.24285717308521,1.24285717308521,1.24285717308521,1.24285717308521,11.6428571492434,72.1428571641445,1.24285717308521
55200,0,0.700000017881393,0.700000017881393,0.700000017881393,0.700000017881393,8.16666667163372,61.3333333432674,0.700000017881393
55300,0,0,0,0,0,20,66,0
55400,0,0,0,0,0,13.5,80.5,0
55500,0,0,0,0,0,0.5,88.5,0
55600,0,0,0,0,0,1.5,96.5,0
55700,0,0,0,0,0,3.5,93.5,0
55800,0,0,0,0,0,7,92,0
55900,0,0,0,0,0,8.5,86.5,0
56000,0,0,0,0,0,5,95,0
56100,0,0,0,0,0,6.5,93.5,0
56200,0,0,0,0,0.5,7.5,91,0
56300,0,0.25,0.25,0.25,0,11.5,82.5,0.25
56400,0,0.16666667163372,0.16666667163372,0.16666667163372,0,17.6666666716337,81.6666666716337,0.16666667163372
56500,0,0.200000002980232,0.200000002980232,0.200000002980232,0,21.5,77.7000000029802,0.200000002980232
56600,0,0,0,0,0,22.5,77.5,0
56700,0,0,0,0,0,16.5,83.5,0
56800,0,0,0,0,0,50,50,0
56900,0,0.500000014901161,0.500000014901161,0.500000014901161,0,49.0000000149012,49.0000000149012,0.500000014901161
57000,0,0.200000002980232,0.850000008940697,0.850000008940697,0,15.9000000059605,81.3500000089407,0.850000008940697
57100,0,0.700000017881393,2.76666671037674,2.76666671037674,1.50000002980232,13.7333333492279,75.7666667103767,2.76666671037674
57200,0,2.77142864465714,10.0547620356083,10.0547620356083,2.63809530436993,11.3714286535978,53.0547620356083,10.0547620356083
57300,0,4.10952389240265,8.8261905759573,8.8261905759573,1.70952385663986,3.87619049847126,63.8261905759573,8.8261905759573
57400,0,1.50952385365963,8.29285722970963,8.29285722970963,3.2428572177887,5.07619050145149,65.2928572297096,8.29285722970963
57500,0,0.600000008940697,0.850000008940697,0.850000008940697,0,7,89.8500000089407,0.850000008940697
57600,0,0.766666680574417,1.16666668653488,1.16666668653488,0,5.56666667759418,90.1666666865349,1.16666668653488
57700,0,0.600000008940697,2.05000001192093,2.05000001192093,0,1.70000000298023,91.5500000119209,2.05000001192093
57800,0,1.16666668653488,1.16666668653488,1.16666668653488,0,4.66666667163372,90.6666666865349,1.16666668653488
57900,0,0.966666683554649,0.966666683554649,0.966666683554649,0,9.16666667163372,86.9666666835546,0.966666683554649
58000,0,1.76666671037674,1.76666671037674,1.76666671037674,1.00000002980232,5.66666667163372,86.2666667103767,1.76666671037674
58100,0,1.43333335220814,1.43333335220814,1.43333335220814,0.566666677594185,43.8333333432674,36.866666674614,1.43333335220814
58200,0,0.583333343267441,0.583333343267441,0.583333343267441,0.333333343267441,46.1666666716337,50.1666666716337,0.583333343267441
58300,0,0.938095271587372,0.938095271587372,0.938095271587372,0.938095271587372,45.0714285969734,47.2380952686071,0.938095271587372
58400,0,1.01904764771461,1.01904764771461,1.01904764771461,1.01904764771461,46.2857142984867,39.6190476417542,1.01904764771461
58500,0,0.809523835778236,0.809523835778236,0.809523835778236,0.809523835778236,78.8095238357782,17.1428571492434,0.809523835778236
58600,0,0,0,0,0,80.5,19.5,0
58700,0,0.142857149243355,0.142857149243355,0.142857149243355,0.142857149243355,85.6428571492434,13.6428571492434,0.142857149243355
58800,0,0.309523820877075,0.309523820877075,0.309523820877075,0.309523820877075,80.3095238208771,18.1428571492434,0.309523820877075
58900,0,0.28571429848671,0.28571429848671,0.28571429848671,0.28571429848671,49.2857142984867,49.2857142984867,0.28571429848671
59000,0,1.14285719394684,1.14285719394684,1.14285719394684,1.14285719394684,47.1428571939468,47.1428571939468,1.14285719394684
59100,0,1.28571434319019,1.28571434319019,1.28571434319019,1.28571434319019,11.7857143431902,11.7857143431902,1.28571434319019
59200,0,0.142857149243355,0.142857149243355,0.142857149243355,0.809523835778236,4.30952383577824,4.30952383577824,0.142857149243355
59300,0,0,0,0,0,1.5,21.5,0
59400,0,0.200000002980232,0.200000002980232,0.200000002980232,7.5,0.5,7.20000000298023,0.200000002980232
59500,0,0.75,0.75,0.25,0.833333343267441,2.83333334326744,19.8333333432674,0.75
59600,0,0.200000002980232,0.200000002980232,0.200000002980232,1.5,1.5,20.2000000029802,0.200000002980232
59700,0,0.25,0.25,0.25,1.83333334326744,4.83333334326744,23.3333333432674,0.25
59800,0,0.200000002980232,0.200000002980232,0.200000002980232,1.66666668653488,3.16666668653488,30.3666666895151,0.200000002980232
59900,0,0,0,0,4.00000002980232,16.5000000298023,35.5000000298023,0
60000,0,0.833333343267441,0.833333343267441,0.5,2.5,19,70.5,0.833333343267441
60100,0,0.783333346247673,0.783333346247673,0,0,39.2000000029802,46.4500000029802,0.783333346247673
60200,0,1.30000002682209,1.30000002682209,0.500000014901161,1.33333337306976,47.1333333998919,47.1333333998919,1.30000002682209
60300,0,1.42857146263123,1.42857146263123,0.428571447730064,4.09523822367191,45.5952382385731,45.5952382385731,1.42857146263123
60400,0,2.60000006854534,2.60000006854534,1.00000004470348,2.00000007450581,44.6000000983477,44.6000000983477,2.60000006854534
60500,0,6.83333346247673,6.83333346247673,1.83333338797092,0,38.8333334624767,38.8333334624767,6.83333346247673
60600,0,5.85000014305115,5.85000014305115,1.91666670143604,0,14.7666667103767,14.7666667103767,5.85000014305115
60700,0,3.40000005066395,3.40000005066395,1.66666667163372,0,16.5666666775942,16.5666666775942,3.40000005066395
60800,0,12.8833336085081,12.8833336085081,3.75000004470348,0,13.8000000864267,13.8000000864267,12.8833336085081
60900,0,3.71666669845581,3.71666669845581,3.71666669845581,0,19.4666666984558,2.66666668653488,3.71666669845581
61000,0,0.616666674613953,0.616666674613953,0.616666674613953,0,33.366666674614,2.16666667163372,0.616666674613953
61100,0,0,0,0,0,29,9,0
61200,0,0,0,0,0,29.5,9.5,0
61300,0,0,0,1,0,39.5,8.5,0
61400,0,0,0,0,0,54.5,16.5,0
61500,0,0,0,0,0,54.5,16.5,0
61600,0,0,0,0,0,55.5,16.5,0
61700,0,0,0,0,0,51.5,48.5,0
61800,0,0,0,0,0,14,18,0
61900,0,0,0.16666667163372,0.16666667163372,1.50000001490116,4.00000001490116,4.00000001490116,0.16666667163372
62000,0,0,0,0,2,4,4,0
62100,0,0.200000002980232,0.200000002980232,0.200000002980232,2.20000000298023,2,2,0.200000002980232
62200,0,0,0,0,1,0,0,0
62300,0,0,0,0,0,1,1,0
62400,0,0.200000002980232,0.200000002980232,0.200000002980232,0.200000002980232,0.5,0.5,0.200000002980232
62500,0,0,0,0,0,0.5,0.5,0
62600,0,0.200000002980232,0.200000002980232,0.200000002980232,0.200000002980232,2,19,0.200000002980232
62700,0,0.942857161164284,0.942857161164284,0.942857161164284,0.942857161164284,3.64285714924335,41.6428571492434,0.942857161164284
62800,0,0.566666677594185,0.566666677594185,0.566666677594185,0.566666677594185,1,35.1666666716337,0.566666677594185
62900,0,0.850000008940697,0.850000008940697,0.850000008940697,0.600000008940697,10.5,52.5,0.850000008940697
63000,0,2.8095238506794,2.8095238506794,2.8095238506794,1.07619050145149,4.9761904925108,40.7095238417387,2.8095238506794
63100,0,7.19047637283802,7.19047637283802,7.19047637283802,2.35714294016361,11.6904762834311,57.190476372838,7.19047637283802
63200,0,6.39047636091709,6.39047636091709,6.39047636091709,2.85714295506477,14.6904762685299,56.8904763609171,6.39047636091709
63300,0,2.90952387452126,2.90952387452126,2.90952387452126,1.47619050741196,18.8095238655806,68.0761905610561,2.90952387452126
63400,0,0.809523835778236,0.809523835778236,0.809523835778236,0.809523835778236,5.97619052231312,5.97619052231312,0.809523835778236
63500,0,0.333333343267441,0.333333343267441,0.333333343267441,0.666666686534882,8.00000002980232,8.00000002980232,0.333333343267441
63600,0,0.333333343267441,0.333333343267441,0.333333343267441,0,3.33333334326744,3.33333334326744,0.333333343267441
63700,0,0.809523835778236,0.809523835778236,0.809523835778236,2.142857208848,5.80952389538288,5.80952389538288,0.809523835778236
63800,0,1.09523813426495,1.09523813426495,1.09523813426495,1.09523813426495,6.26190482079983,6.26190482079983,1.09523813426495
63900,0,0.75,0.75,0.75,7.33333334326744,3.83333334326744,3.83333334326744,0.75
64000,0,0.25,0.25,0.25,1,2,2,0.25
64100,0,0.485714301466942,0.485714301466942,0.485714301466942,5.48571433126926,3.78571432828903,3.78571432828903,0.485714301466942
64200,0,0.41666667163372,0.41666667163372,0.41666667163372,4.33333334326744,20.0000000149012,20.0000000149012,0.41666667163372
64300,0,0.25,0.25,0.25,5.66666668653488,19.6666666865349,19.6666666865349,0.25
64400,0,0.642857149243355,0.642857149243355,0.642857149243355,7.14285717904568,19.1428571790457,19.1428571790457,0.642857149243355
64500,0,0.5,0.5,0.5,10.0000000298023,17.0000000298023,17.0000000298023,0.5
64600,0,1.10238097608089,1.10238097608089,1.10238097608089,8.01904764771461,15.2857143133879,15.2857143133879,1.10238097608089
64700,0,1.85714292526245,1.85714292526245,1.85714292526245,5.19047635793686,43.6904763877392,43.6904763877392,1.85714292526245
64800,0,1.40476195514202,1.40476195514202,1.40476195514202,11.9047622680664,41.238095626235,41.238095626235,1.40476195514202
64900,0,6.09523831307888,6.09523831307888,6.09523831307888,2.42857153713703,36.5952383130789,36.5952383130789,6.09523831307888
65000,0,5.00000022351742,5.00000022351742,5.00000022351742,5.00000022351742,37.5000002235174,37.5000002235174,5.00000022351742
65100,0,6.71428601443768,6.71428601443768,6.71428601443768,6.71428601443768,33.2142860144377,33.2142860144377,6.71428601443768
65200,0,5.57142882049084,5.57142882049084,5.57142882049084,5.57142882049084,36.0714288204908,36.0714288204908,5.57142882049084
65300,0,7.47619074583054,7.47619074583054,7.47619074583054,7.47619074583054,12.6428572833538,49.9761907458305,7.47619074583054
65400,0,2.66666674613953,2.66666674613953,2.66666674613953,2.66666674613953,0.5,86.1666667461395,2.66666674613953
65500,0,0.833333358168602,0.833333358168602,0.833333358168602,0.833333358168602,1.5,94.3333333581686,0.833333358168602
65600,0,0.833333358168602,0.833333358168602,0.833333358168602,1.66666670143604,2.33333334326744,92.666666701436,0.833333358168602
65700,0,0.16666667163372,0.16666667163372,0.16666667163372,0.16666667163372,0,54.1666666716337,0.16666667163372
65800,0,0,0,0,1,0,65,0
65900,0,0,0,0,0.5,0,74.5,0
66000,0,0,0,0,0.5,0,77.5,0
66100,0,0.16666667163372,0.16666667163372,0.16666667163372,1.16666667163372,0,72.1666666716337,0.16666667163372
66200,0,0,0,0,1.66666668653488,2.16666668653488,31.1666666865349,0
66300,0,0.200000002980232,0.200000002980232,0.200000002980232,12.7000000029802,0.5,14,0.200000002980232
66400,0,0,0,0,3,0,6,0
66500,0,1.64285717904568,1.64285717904568,1.64285717904568,17.642857208848,3.14285717904568,19.6428571939468,1.64285717904568
66600,0,0.200000002980232,0.200000002980232,0.200000002980232,8.03333334624767,8.83333334326744,1.33333334326744,0.200000002980232
66700,0,0.200000002980232,0.200000002980232,0.200000002980232,32.2000000029802,0,1,0.200000002980232
66800,0,0.333333343267441,0.333333343267441,0.333333343267441,31.6666666865349,1.00000001490116,1.00000001490116,0.333333343267441
66900,0,0,0,0,35.8333333432674,5.83333334326744,5.33333334326744,0
67000,0,0.700000002980232,0.700000002980232,0.700000002980232,31.0333333462477,3.83333334326744,10.3333333432674,0.700000002980232
67100,0,0.16666667163372,0.16666667163372,0.16666667163372,11.0000000149012,9.50000001490116,6.83333334326744,0.16666667163372
67200,0,0.742857158184052,0.742857158184052,0.742857158184052,13.3095238357782,19.0095238387585,14.7095238417387,0.742857158184052
67300,0,1.359523832798,1.359523832798,1.359523832798,15.3095238506794,43.9095238596201,3.34285718202591,1.359523832798
67400,0,0.976190492510796,0.976190492510796,0.976190492510796,19.976190507412,50.6428571790457,15.476190507412,0.976190492510796
67500,0,1.86190481483936,1.86190481483936,1.86190481483936,4.92857150733471,81.5285715311766,6.09523817896843,1.86190481483936
67600,0,0.342857152223587,0.342857152223587,0.342857152223587,4.9761904925108,87.676190495491,5.9761904925108,0.342857152223587
67700,0,0.16666667163372,0.16666667163372,0.16666667163372,1.3333333581686,91.3333333581686,6.66666668653488,0.16666667163372
67800,0,0,0,0,0,94,6,0
67900,0,0,0,0,0,90,10,0
68000,0,0,0,0,0,77.5,2.5,0
68100,0,0,0,0,0,19,19,0
68200,0,0,0,0,0,16,16,0
68300,0,0,0,0,0,25,25,0
68400,0,0,0,0,0,24,24,0
68500,0,0,0,0,0,21,21,0
68600,0,0,0,0,0,19,19,0
68700,0,0,0,0,0,19,19,0
68800,0,0,0,0,0,50,50,0
68900,0,0,0,0,0,20.5,79.5,0
69000,0,0,0,0,0,6.5,93.5,0
69100,0,0,0,0,0,4.5,95.5,0
69200,0,0,0,0,0,1,99,0
69300,0,0,0,0,0,2,98,0
69400,0,0,0,0,0,1,99,0
69500,0,0,0,0,0,0.5,99.5,0
69600,0,0,0,0,0,0,100,0
69700,0,0,0,0,0,0,100,0
69800,0,0,0,0,0,1,96,0
69900,0,0,0,0,0,0.5,62.5,0
70000,0,0,0,0,0,6,55,0
70100,0,0,0,0,0,9.5,44.5,0
70200,0,0,0,0,0,8,58,0
70300,0,0,0,0,0,5,64,0
70400,0,0,0,0,0,9,55,0
70500,0,0,0,0,0,12,28,0
70600,0,0,0,0,0,14,52,0
70700,0,0,0,0,0,29,71,0
70800,0,0.200000002980232,0.200000002980232,0.200000002980232,0,6.5,92.7000000029802,0.200000002980232
70900,0,0.5,0,0,0,3.5,96,0
71000,0,0.5,0,0,1.50000002980232,5.50000002980232,92.5000000298023,0
71100,0,1.33333337306976,0,0,0.666666686534882,17.5000000596046,80.5000000596046,0
71200,0,0.500000014901161,0.16666667163372,0.16666667163372,2.3333333581686,20.666666701436,38.0000000298023,0.16666667163372
71300,0,0,0,0,0.5,19.5,26,0
71400,0,0.16666667163372,0.16666667163372,0.16666667163372,0,18.1666666716337,20.1666666716337,0.16666667163372
71500,0,0,0,0,0,15,16,0
71600,0,0,0,0,0,22,28,0
71700,0,0,0,0,0,17,2,0
71800,0,0,0,0,0,25.5,2.5,0
71900,0,0,0,0,0,25,1,0
72000,0,0.450000002980232,0.450000002980232,0.450000002980232,0,28.7000000029802,9.5,0.450000002980232
72100,0,3.03333336114883,3.03333336114883,3.03333336114883,0.400000005960464,28.4333333522081,7.03333334624767,3.03333336114883
72200,0,2.63333338499069,2.63333338499069,2.63333338499069,2.63333338499069,39.3333333581686,2.5,2.63333338499069
72300,0,7.93333350121975,7.93333350121975,7.93333350121975,7.93333350121975,32.3333334326744,1,7.93333350121975
72400,0,16.5714290738106,16.5714290738106,16.5714290738106,16.5714290738106,16.5714290738106,0.571428596973419,16.5714290738106
72500,0,16.6190481185913,16.6190481185913,16.6190481185913,16.6190481185913,16.6190481185913,0.28571429848671,16.6190481185913
72600,0,18.876190841198,18.876190841198,18.876190841198,18.876190841198,5.30952396988869,0.309523820877075,18.876190841198
72700,0,5.03333342075348,5.03333342075348,5.03333342075348,64.8666667640209,14.666666701436,0.333333343267441,5.03333342075348
72800,0,6.66666679084301,6.66666679084301,6.66666679084301,64.666666790843,8.1666667163372,0.5,6.66666679084301
72900,0,0.900000005960464,0.900000005960464,0.900000005960464,11.1666666865349,51.0666666924953,15.1666666865349,0.900000005960464
73000,0,0.66666667163372,0.66666667163372,0.66666667163372,7.66666667163372,48.6666666716337,20,0.66666667163372
73100,0,3.16666668653488,0,0,6.33333337306976,26.6666666865349,62.8333333730698,0
73200,0,1.45000000298023,0.200000002980232,0.200000002980232,2.08333334326744,28.5833333432674,63.2833333462477,0.200000002980232
73300,0,0,0,0,0,9.5,90.5,0
73400,0,0.5,0,0,0,5.5,94,0
73500,0,8.70000003278255,0.200000002980232,0.200000002980232,0.5,24.0000000298023,63.2000000327826,0.200000002980232
73600,0,5.28333336114883,0.616666674613953,0.616666674613953,0,44.8333333581686,46.0333333611488,0.616666674613953
73700,0,27.6333334296942,3.63333337008953,3.63333337008953,2.26666669547558,33.4333334118128,15.7666667252779,3.63333337008953
73800,0,28.733333453536,3.56666670739651,3.56666670739651,2.83333337306976,38.7000001072884,13.0333334058523,3.56666670739651
73900,0,3.86666670441628,3.86666670441628,3.86666670441628,0.400000005960464,54.0666666924953,16.0666666775942,3.86666670441628
74000,0,2.70952382683754,2.70952382683754,2.70952382683754,0.142857149243355,30.5095238238573,26.5095238238573,2.70952382683754
74100,0,1.96666668355465,1.96666668355465,1.96666668355465,0,29.5666666775942,33.5666666775942,1.96666668355465
74200,0,3.63333337008953,3.63333337008953,3.63333337008953,1.13333335518837,46.9333333522081,20.4000000059605,3.63333337008953
74300,0,2.41666668653488,2.41666668653488,2.41666668653488,0.200000002980232,33.5666666775942,43.5666666775942,2.41666668653488
74400,0,0,0,0,0,43,57,0
74500,0,0,0,0,0,9.5,51.5,0
74600,0,0,0,0,0,6.5,55.5,0
74700,0,0,0,0,0,9.5,55.5,0
74800,0,0,0,0,0,18.5,18.5,0
74900,0,0,0,0,0.5,63,7.5,0
75000,0,0,0,0,0.5,58.5,8,0
75100,0,0,0,0,0,60,6,0
75200,0,0.16666667163372,0.16666667163372,0.16666667163372,0.16666667163372,47.1666666716337,8,0.16666667163372
75300,0,0.642857164144516,0.642857164144516,0.642857164144516,0.642857164144516,80.1428571641445,16.6428571492434,0.642857164144516
75400,0,1.45238099992275,1.45238099992275,1.45238099992275,1.45238099992275,85.4523809999228,7.28571429848671,1.45238099992275
75500,0,0.333333343267441,0.900000020861626,0.900000020861626,0.900000020861626,87.4000000208616,8.66666667163372,0.900000020861626
75600,0,0.16666667163372,2.50000004470348,2.50000004470348,2.50000004470348,84.5000000447035,5.33333334326744,2.50000004470348
75700,0,0.928571462631226,2.39523816108704,2.39523816108704,2.39523816108704,71.895238161087,17.5952381342649,2.39523816108704
75800,0,0.61904764175415,1.55238099396229,1.55238099396229,1.55238099396229,46.0523809939623,5.11904764175415,1.55238099396229
75900,0,0.928571462631226,2.76190483570099,2.76190483570099,2.76190483570099,41.761904835701,5.26190480589867,2.76190483570099
76000,0,3.21428582072258,6.94761921465397,6.94761921465397,6.94761921465397,6.94761921465397,1.04761908948421,6.94761921465397
76100,0,1.95238101482391,6.3857144266367,6.3857144266367,6.3857144266367,6.3857144266367,1.11904765665531,6.3857144266367
76200,0,3.64285722374916,9.94285728037357,9.94285728037357,1.37619051337242,9.94285728037357,4.20952390134335,9.94285728037357
76300,0,7.4952382594347,7.4952382594347,7.4952382594347,0.928571462631226,7.4952382594347,2.59523817896843,7.4952382594347
76400,0,2.33333337306976,2.33333337306976,2.33333337306976,3.00000004470348,34.6666667461395,5.00000004470348,2.33333337306976
76500,0,3.06666672229767,3.06666672229767,3.06666672229767,0.833333343267441,33.4000000655651,3.50000002980232,3.06666672229767
76600,0,8.49523828923702,8.49523828923702,8.49523828923702,4.09523817896843,49.9952383190393,11.9285715520382,8.49523828923702
76700,0,7.17619062960148,7.17619062960148,7.17619062960148,4.47619055211544,53.1761906892061,13.6428572833538,7.17619062960148
76800,0,7.78571453690529,7.78571453690529,7.78571453690529,3.28571440279484,32.7857145965099,32.7857145965099,7.78571453690529
76900,0,5.69285722076893,5.69285722076893,5.69285722076893,6.34285718202591,25.8761905282736,27.0095238685608,5.69285722076893
77000,0,7.62857161462307,7.62857161462307,7.62857161462307,46.1285716742277,12.0952382236719,11.2619049102068,7.62857161462307
77100,0,4.72857154905796,4.72857154905796,4.72857154905796,53.7285716980696,11.7619049698114,15.5952382981777,4.72857154905796
77200,0,5.87619063258171,5.87619063258171,5.87619063258171,5.87619063258171,31.3095238953829,2.30952389538288,5.87619063258171
77300,0,8.36666674911976,8.36666674911976,8.36666674911976,0.200000002980232,35.466666713357,2.86666671931744,8.36666674911976
77400,0,7.59285722672939,7.59285722672939,7.59285722672939,0.509523823857307,32.3428571969271,2.77619053423405,7.59285722672939
77500,0,2.95000004768372,2.95000004768372,2.95000004768372,0.200000002980232,52.600000038743,17.4000000357628,2.95000004768372
77600,0,3.98333337903023,3.98333337903023,3.98333337903023,0,53.6333333551884,15.4333333671093,3.98333337903023
77700,0,2.83333341777325,2.83333341777325,2.83333341777325,0,76.8333334177732,11.8333334177732,2.83333341777325
77800,0,1.14285717904568,1.14285717904568,1.14285717904568,0.142857149243355,89.1428571790457,6.14285717904568,1.14285717904568
77900,0,0,0,0,0,98,2,0
78000,0,1.36666668951511,0.200000002980232,0.200000002980232,0,81.8666666895151,2.16666668653488,0.200000002980232
78100,0,0.16666667163372,0.16666667163372,0.16666667163372,0.16666667163372,82.6666666716337,1.5,0.16666667163372
78200,0,0.142857149243355,0.142857149243355,0.142857149243355,0.142857149243355,72.1428571492434,2.14285714924335,0.142857149243355
78300,0,0,0,0,0,83,1,0
78400,0,0,0,0,0,78,1,0
78500,0,0,0,0,0,93,0,0
78600,0,0,0,0,0,85,1,0
78700,0,0,0,0,0,61,1,0
78800,0,0.642857164144516,0.642857164144516,0.642857164144516,1.47619050741196,73.476190507412,5.4761904925108,0.642857164144516
78900,0,0.476190492510796,0.476190492510796,0.476190492510796,0.476190492510796,36.9761904925108,0.642857149243355,0.476190492510796
79000,0,0.766666680574417,0.766666680574417,0.766666680574417,0.16666667163372,26.7666666805744,2,0.766666680574417
79100,0,2.42857149243355,2.42857149243355,2.42857149243355,1.26190480589867,2.42857149243355,0.595238119363785,2.42857149243355
79200,0,2.58571435511112,2.58571435511112,2.58571435511112,1.61904767155647,2.58571435511112,0.45238097012043,2.58571435511112
79300,0,1.36666670441628,1.36666670441628,1.36666670441628,0.500000014901161,1.36666670441628,0.666666686534882,1.36666670441628
79400,0,0.45238097012043,0.45238097012043,0.45238097012043,0.28571429848671,0.45238097012043,0.45238097012043,0.45238097012043
79500,0,0,0,0,0,1,1,0
79600,0,0.309523820877075,0.309523820877075,0.309523820877075,0.142857149243355,0.309523820877075,0.309523820877075,0.309523820877075
79700,0,0.16666667163372,0.16666667163372,0.16666667163372,0,3.16666667163372,3.16666667163372,0.16666667163372
79800,0,0,0,0,0,14,1,0
79900,0,0,0,0,0,15.5,1.5,0
80000,0,0,0,0,0,21.5,0.5,0
80100,0,0,0,0,0,16.5,0.5,0
80200,0,0.16666667163372,0.16666667163372,0.16666667163372,0.66666667163372,24.6666666716337,0,0.16666667163372
80300,0,0.333333343267441,0.333333343267441,0.333333343267441,1.33333334326744,23.3333333432674,0,0.333333343267441
80400,0,0.733333349227905,0.733333349227905,0.733333349227905,0.733333349227905,31.1666666716337,8.16666667163372,0.733333349227905
80500,0,0.366666674613953,0.366666674613953,0.366666674613953,0.366666674613953,36.5,5.66666667163372,0.366666674613953
80600,0,0.87619049847126,0.87619049847126,0.87619049847126,0.87619049847126,14.3095238208771,8.30952382087708,0.87619049847126
80700,0,1.46666669845581,1.46666669845581,1.46666669845581,1.46666669845581,12.6666666865349,4,1.46666669845581
80800,0,0,0,0,0,2,1,0
80900,0,1.6000000089407,1.6000000089407,1.6000000089407,0,0.400000005960464,0.200000002980232,1.6000000089407
81000,0,0.650000005960464,0.650000005960464,0.650000005960464,0,0.200000002980232,0.200000002980232,0.650000005960464
81100,0,0.650000005960464,0.650000005960464,0.650000005960464,0,0.400000005960464,0,0.650000005960464
81200,0,0.800000011920929,0.800000011920929,0.800000011920929,0,0.800000011920929,0,0.800000011920929
81300,0,0,0,0,0,10,0,0
81400,0,0,0,0,0,7,1,0
81500,0,0,0,0,0,17.5,0.5,0
81600,0,0.766666680574417,0.766666680574417,0.766666680574417,0,70.2666666805744,1.66666667163372,0.766666680574417
81700,0,0.600000008940697,0.600000008940697,0.600000008940697,0,82.6000000089407,1,0.600000008940697
81800,0,0.400000005960464,0.400000005960464,0.400000005960464,0,94.4000000059605,4,0.400000005960464
81900,0,0.400000005960464,0.400000005960464,0.400000005960464,0,91.4000000059605,0,0.400000005960464
82000,0,0,0,0,0,66,2,0
82100,0,0,0,0,0,59.5,0.5,0
82200,0,0.366666674613953,0.366666674613953,0.366666674613953,0,53.366666674614,0.16666667163372,0.366666674613953
82300,0,0.533333346247673,0.533333346247673,0.533333346247673,0,44.0333333462477,1.83333334326744,0.533333346247673
82400,0,0.533333346247673,0.533333346247673,0.533333346247673,0,24.0333333462477,3.83333334326744,0.533333346247673
82500,0,0.666666686534882,0.666666686534882,0.666666686534882,0,4.66666668653488,4.66666668653488,0.666666686534882
82600,0,0.16666667163372,0.16666667163372,0.16666667163372,0,8.16666667163372,8.16666667163372,0.16666667163372
82700,0,0,0,0,0,61,7,0
82800,0,0,0,0,0,89,11,0
82900,0,0.366666674613953,0.366666674613953,0.366666674613953,0,79.866666674614,18.6666666716337,0.366666674613953
83000,0,0.366666674613953,0.366666674613953,0.366666674613953,0.16666667163372,79.366666674614,19,0.366666674613953
83100,0,0.333333343267441,0.333333343267441,0.333333343267441,0.333333343267441,81.3333333432674,17,0.333333343267441
83200,0,0,0,0,0,79.5,20.5,0
83300,0,0,0,0,0,79,21,0
83400,0,0,0,0,0,81,19,0
83500,0,0,0,0,0,50,50,0
83600,0,0,0,0,0.666666686534882,49.6666666865349,49.6666666865349,0
83700,0,0,0,0,0,50,50,0
83800,0,0,0,0,0,50,50,0
83900,0,0,0,0,0,50,50,0
84000,0,0,0,0,0,50,50,0
84100,0,0.16666667163372,0.366666674613953,0.366666674613953,0.333333343267441,49.2000000178814,49.2000000178814,0.366666674613953
84200,0,0.533333346247673,0.533333346247673,0.533333346247673,0.333333343267441,79.8666666895151,17.6666666865349,0.533333346247673
84300,0,3.61428581178188,3.61428581178188,3.61428581178188,1.54761910438538,65.6142858117819,18.3809524327517,3.61428581178188
84400,0,0.366666674613953,0.366666674613953,0.366666674613953,0.16666667163372,91.866666674614,6.5,0.366666674613953
84500,0,1.47619052231312,1.47619052231312,1.47619052231312,1.47619052231312,85.9761905223131,6.64285714924335,1.47619052231312
84600,0.5,0,0,0,0,83,3.5,0
84700,0,0,0,0,0,77.5,2.5,0
84800,0,0.16666667163372,0.16666667163372,0.16666667163372,0.16666667163372,82.1666666716337,4,0.16666667163372
84900,0,0,0,0,0,71.5,2.5,0
85000,0,0,0,0,0,53.5,6.5,0
85100,0,0.333333343267441,0.333333343267441,0.333333343267441,0.333333343267441,62.8333333432674,7.5,0.333333343267441
85200,0,0,0,0,0,19.5,19.5,0
85300,0,0,0,0,0,8.5,8.5,0
85400,0,0.142857149243355,0.142857149243355,0.142857149243355,3.14285714924335,6.14285714924335,6.14285714924335,0.142857149243355
85500,0,0,0,0,7,6.5,6.5,0
85600,0,0.142857149243355,0.142857149243355,0.142857149243355,1.14285714924335,6.14285714924335,6.14285714924335,0.142857149243355
85700,0,0,0,0,1.33333334326744,7.83333334326744,7.83333334326744,0
85800,0,0,0,0,2.33333334326744,7.83333334326744,7.83333334326744,0
85900,0,0,0,0,1.33333334326744,7.33333334326744,7.33333334326744,0
86000,0,0.16666667163372,0.16666667163372,0.16666667163372,1,6.16666667163372,6.16666667163372,0.16666667163372
86100,1.14285717904568,0.476190492510796,0.476190492510796,0.476190492510796,0,20.9761905223131,20.9761905223131,0.476190492510796
86200,2.25000005960464,0.476190492510796,0.476190492510796,0.476190492510796,1.05952383577824,47.3928572386503,47.3928572386503,0.476190492510796
86300,0,0.500000014901161,0.500000014901161,0.500000014901161,0.333333343267441,48.8333333581686,48.8333333581686,0.500000014901161
86400,0.333333343267441,0.142857149243355,0.142857149243355,0.142857149243355,0.142857149243355,49.4761904925108,49.4761904925108,0.142857149243355
86500,0,0.16666667163372,0.16666667163372,0.16666667163372,0,49.6666666716337,49.6666666716337,0.16666667163372
86600,0,0.400000005960464,0.400000005960464,0.400000005960464,0,23,75.4000000059605,0.400000005960464
86700,0,0.700000017881393,0.700000017881393,0.700000017881393,0,20.5000000149012,76.7000000178814,0.700000017881393
86800,0.5,0.200000002980232,0.200000002980232,0.200000002980232,0,47.5,49.2000000029802,0.200000002980232
86900,0,0,0.25,0.25,0,30.5,67.75,0.25
87000,0,0,0,0,0,14,84,0
87100,3.83333334326744,0,0,0,0,25.3333333432674,70.8333333432674,0
87200,9.33333334326744,0,0,0,0,31.3333333432674,55.3333333432674,0
87300,33.3333334028721,0,0,0,0,19.8333334028721,42.8333334028721,0
87400,0,0,0,0,0,67.5,32.5,0
87500,0,0,0,0,0,78,22,0
87600,0,0,0,0,0,67,33,0
87700,0,0,0,0,0,78,22,0
87800,0,0,0,0,0,79,16,0
87900,0,0,0,0,0.5,53,27.5,0
88000,0,0,0,0,1,41,27,0
88100,0,0,0,0,0,36.5,42.5,0
88200,0,0.25,0.25,0.25,3,63.75,19.5,0
88300,0,0,0,0,5,45.5,22.5,0
88400,0,0,0,0,34.5,7,8.5,1
88500,0,0,0,0,34.3333333432674,1.33333334326744,0.333333343267441,0
88600,0,0.16666667163372,0.16666667163372,0.16666667163372,30.6666666716337,2.66666667163372,0,0.16666667163372
88700,0,0.16666667163372,0.16666667163372,0.16666667163372,36.6666666716337,4.66666667163372,17,0.16666667163372
88800,0,0,0,0,52.3333333432674,2.83333334326744,10.8333333432674,0
88900,0,0,0,0,46.8333333432674,2.33333334326744,16.8333333432674,0
89000,0,0.200000002980232,0.200000002980232,0.200000002980232,2.00000002980232,2.00000002980232,69.2000000327826,0.200000002980232
89100,0,0,0,0,1.83333334326744,0.333333343267441,80.8333333432674,0
89200,0,0.400000005960464,0.400000005960464,0.400000005960464,1,0,75.4000000059605,0.400000005960464
89300,0,0.333333343267441,0.333333343267441,0.333333343267441,2.66666667163372,1.16666667163372,71.8333333432674,0.333333343267441
89400,0,3.18571434915066,3.18571434915066,3.18571434915066,5.95238097012043,0.61904764175415,80.6857143491507,3.18571434915066
89500,0,18.3904765844345,18.3904765844345,18.3904765844345,5.35714302957058,2.69047628343105,18.3904765844345,18.3904765844345
89600,0,17.6666671037674,17.6666671037674,17.6666671037674,5.5000001937151,6.16666688024998,17.6666671037674,17.6666671037674
89700,0,17.0619052350521,17.0619052350521,17.0619052350521,7.09523835778236,7.59523837268353,17.0619052350521,17.0619052350521
89800,0,15.88095292449,15.88095292449,15.88095292449,15.88095292449,4.71428592503071,15.88095292449,15.88095292449
89900,0,14.2857149243355,14.2857149243355,14.2857149243355,14.2857149243355,14.2857149243355,14.2857149243355,14.2857149243355
90000,0,14.2857149243355,14.2857149243355,14.2857149243355,14.2857149243355,14.2857149243355,14.2857149243355,14.2857149243355
90100,0,5.28571452200413,5.28571452200413,5.28571452200413,5.28571452200413,5.28571452200413,5.28571452200413,5.28571452200413
90200,0,6.04761925339699,6.04761925339699,6.04761925339699,1.71428579092026,6.04761925339699,6.04761925339699,6.04761925339699
90300,0,6.21428592503071,6.21428592503071,6.21428592503071,1.71428579092026,6.21428592503071,6.21428592503071,6.21428592503071
90400,0,2.00000007450581,2.00000007450581,2.00000007450581,4.33333347737789,11.3333335071802,11.3333335071802,2.00000007450581
90500,0,1.44285716116428,1.44285716116428,1.44285716116428,25.6095238775015,8.80952386558056,8.80952386558056,1.44285716116428
90600,0,0.41666667163372,0.41666667163372,0.41666667163372,23.6666667163372,7.33333338797092,7.33333338797092,0.41666667163372
90700,0,0,0,0,10.6666666865349,9.16666668653488,9.16666668653488,0
90800,0,0,0,0,2,6.5,6.5,0
90900,0,0.16666667163372,0.16666667163372,0.16666667163372,3.33333334326744,19.0000000149012,19.0000000149012,0.16666667163372
91000,0,0.5,0.5,0.5,1.33333334326744,20.8333333432674,20.8333333432674,0.5
91100,0,0.5,0.5,0.5,2,26,26,0.5
91200,0,0,0,0,2,12,51,0
91300,0,0.200000002980232,0.200000002980232,0.200000002980232,0.333333343267441,16.3333333432674,82.5333333462477,0.200000002980232
91400,0,0.366666674613953,0.366666674613953,0.366666674613953,0,14.6666666716337,83.866666674614,0.366666674613953
91500,0,0.600000008940697,0.600000008940697,0.600000008940697,1,5.5,91.1000000089407,0.600000008940697
91600,0,0,0,0,6,24,70,0
91700,0,0.366666674613953,0.366666674613953,0.366666674613953,3.33333334326744,30.5000000149012,63.7000000178814,0.366666674613953
91800,0,0,0,0,0.5,23.5,19,0
91900,0,0,0,0,1,27,22,0
92000,0,0,0,0,0,35,5,0
92100,0,0,0,0,0,38.5,4.5,0
92200,0,0,0,0,0,26,20,0
92300,0,0,0,0,0,27,17,0
92400,0,0,0,0,0,8,27,0
92500,0,0,0,0,0,12,27,0
92600,0,0.566666677594185,0.566666677594185,0.566666677594185,0.16666667163372,9,88.5666666775942,0.566666677594185
92700,0,0,0,0,0,6.5,93.5,0
92800,0,1.07619050145149,1.07619050145149,1.07619050145149,0.476190492510796,5.64285714924335,89.5761905014515,1.07619050145149
92900,0,0.400000005960464,0.400000005960464,0.400000005960464,0,0.5,84.9000000059605,0.400000005960464
93000,0,0,0,0,0,0,36,0
93100,0,0,0,0,1,1,21,0
93200,0,0,0,0,2.5,0,24.5,0
93300,0,0,0,0,0,0.5,9.5,0
93400,0,0,0,0,2,0.5,11.5,0
93500,0,0,0,0,0,5.5,19.5,0
93600,0,0,0,0,1,10.5,15.5,0
93700,0,0,0,0,1,14.5,15.5,0
93800,0,0,0,0,0.833333343267441,33.8333333432674,34.3333333432674,0
93900,0,0,0,0,0.333333343267441,34.8333333432674,43.8333333432674,0
94000,0,0,0,0,0.666666686534882,31.1666666865349,43.1666666865349,0
94100,0,0,0,0,1.5,21,75.5,0
94200,0,0.333333343267441,0.333333343267441,0,11,14,57,0.333333343267441
94300,0,1.11666668951511,1.11666668951511,0.25,1.5,5.20000000298023,50.7000000029802,1.11666668951511
94400,0,0.833333358168602,0.833333358168602,0.16666667163372,5.66666667163372,22.6666666716337,31,0.833333358168602
94500,0,0.583333343267441,0.583333343267441,0,23.25,33,16,0.583333343267441
94600,0,0.450000002980232,0.450000002980232,0.25,19.7000000029802,46.5,22.2000000029802,0.450000002980232
94700,0,0.5,0.5,0.5,18.5,39,31.5,0.5
94800,0,0.25,0.25,0.25,19,40,25,0.25
94900,0,0.566666677594185,0.566666677594185,0.566666677594185,30.9000000208616,43.5000000149012,12.3333333432674,0.566666677594185
95000,0,0,0,0,9,65,26,0
95100,0,0,0,0,34.5,38,14.5,0
95200,0,0,0,0,5,31,38,0
95300,0,0,0,0,3.83333334326744,8.83333334326744,58.3333333432674,0
95400,0,0.509523823857307,0.509523823857307,0.509523823857307,0.509523823857307,10.1428571492434,48.3095238208771,0.509523823857307
95500,0,1.06666669249535,1.06666669249535,1.06666669249535,1.06666669249535,3,64.6666666865349,1.06666669249535
95600,0,1.60000002384186,1.60000002384186,1.60000002384186,1.60000002384186,8.5,22.5,1.60000002384186
95700,0,0.900000005960464,0.900000005960464,0.900000005960464,0.200000002980232,10.2000000029802,9,0.900000005960464
95800,0,1.20000000298023,1.20000000298023,1.20000000298023,0.200000002980232,9.5,13.5,1.20000000298023
95900,0,1.41666667163372,1.41666667163372,1.41666667163372,0.16666667163372,11,14.1666666716337,1.41666667163372
96000,0,2.15000002086163,2.15000002086163,2.15000002086163,0.366666674613953,6.70000001788139,9.33333334326744,2.15000002086163
96100,0,0.616666674613953,0.616666674613953,0.616666674613953,1,19.6666666716337,16.866666674614,0.616666674613953
96200,0,0.5,0.5,0.5,1,15,24,0.5
96300,0,0.66666667163372,0.66666667163372,0.66666667163372,0,33.6666666716337,1.66666667163372,0.66666667163372
96400,0,0,0,0,0,8,59,0
96500,0,0,0,0,0,15.5,84.5,0
96600,0,0.16666667163372,0.16666667163372,0.16666667163372,0,18.1666666716337,81.1666666716337,0.16666667163372
96700,0,0,0,0,0,7,58,0
96800,0,0,0,0,1,6,53,0
96900,0,0.5,0.5,0.5,0,7,55,0.5
97000,0,0.16666667163372,0.16666667163372,0.16666667163372,0,8.16666667163372,62.1666666716337,0.16666667163372
97100,0,0,0,0,0,7,66,0
97200,0,1.11666668951511,4.31666678190231,4.31666678190231,0.200000002980232,18.3666666895151,18.3666666895151,4.31666678190231
97300,1.53333334624767,0.783333346247673,3.58333338797092,3.58333338797092,0,14.9666666984558,14.9666666984558,3.58333338797092
97400,2.20000000298023,0.509523823857307,1.07619050145149,1.07619050145149,0.309523820877075,14.8761904984713,14.8761904984713,1.07619050145149
97500,3.88690489530563,0.41071429848671,2.67261914908886,2.67261914908886,2.67261914908886,42.5059525519609,42.5059525519609,2.67261914908886
97600,3.57738104462624,1.76785719394684,2.05357149243355,2.05357149243355,2.05357149243355,43.2202382385731,43.2202382385731,2.05357149243355
97700,2.88690485060215,0.267857149243355,1.86309529840946,1.86309529840946,1.86309529840946,44.6964287012815,44.6964287012815,1.86309529840946
97800,1.95833337306976,0.767857149243355,0.767857149243355,0.767857149243355,0.767857149243355,47.1011905223131,47.1011905223131,0.767857149243355
97900,1.7916667163372,0.125,0.125,0.125,0.125,48.7916667163372,48.7916667163372,0.125
98000,0.333333343267441,0,0,0,0,49.8333333432674,49.8333333432674,0
98100,0.458333343267441,0.125,0.125,0.125,0.125,49.4583333432674,49.4583333432674,0.125
98200,0.333333343267441,0.142857149243355,0.142857149243355,0.142857149243355,0.142857149243355,49.4761904925108,49.4761904925108,0.142857149243355
98300,0.125,0.29166667163372,0.29166667163372,0.29166667163372,0.29166667163372,49.2916666716337,49.2916666716337,0.125
98400,0,0,0,0,0,81,19,0
98500,0,0.700000002980232,0.700000002980232,0.700000002980232,0,79.7000000029802,18.2000000029802,0
98600,0,0.25,0.25,0.25,0,81.75,17.5,0
98700,0,0.366666674613953,0.366666674613953,0.366666674613953,0,62.366666674614,6.36666667461395,0.16666667163372
98800,0,0.950000002980232,0.950000002980232,0.950000002980232,0,43.4500000029802,0.5,0.200000002980232
98900,0,1.20000000298023,1.20000000298023,1.20000000298023,0,6.45000000298023,5.95000000298023,0
99000,0,1.5,0,0,0,22,5.5,0
99100,0.200000002980232,7.11666668951511,0.450000002980232,0.450000002980232,0,14.1666666865349,12.1666666865349,0.450000002980232
99200,0,1.5,0,0,0,2.5,18,0
99300,0.16666667163372,0.900000020861626,0.566666677594185,0.566666677594185,0.900000020861626,3,3.33333334326744,0.566666677594185
99400,0.5,0.666666686534882,0,0,0.666666686534882,4.16666668653488,10,0
99500,0,2.11666671931744,0.200000002980232,0.200000002980232,2.11666671931744,7.75,34.4166667163372,0.200000002980232
99600,0,1.16666670143604,0.16666667163372,0.16666667163372,1.16666670143604,2,69.166666701436,0.16666667163372
99700,0,3.17857150733471,1.09523813426495,1.09523813426495,3.17857150733471,19.1785714477301,71.1785715073347,1.09523813426495
99800,0,1.73809529840946,1.73809529840946,1.73809529840946,1.73809529840946,16.0714285969734,75.2380952984095,1.73809529840946
99900,0,0.61904764175415,0.61904764175415,0.61904764175415,0.28571429848671,48.6190476417542,48.6190476417542,0.61904764175415
100000,0,0.833333358168602,0.833333358168602,0.833333358168602,0,48.3333333581686,48.3333333581686,0.833333358168602
100100,0,0.476190492510796,0.676190495491028,0.676190495491028,0.142857149243355,17.176190495491,17.176190495491,0.676190495491028
100200,0,0.500000014901161,1.90000003576279,1.90000003576279,0,21.9000000357628,21.9000000357628,1.90000003576279
100300,0,0,0,0,0,19.5,19.5,0
100400,0,0,0,0,0,21,21,0
100500,0,0,0,0,0,30,4,0
100600,0,0.16666667163372,0.366666674613953,0.366666674613953,0,28.866666674614,2.86666667461395,0.366666674613953
100700,0,0,0.400000005960464,0.400000005960464,0,13.9000000059605,1.90000000596046,0.400000005960464
100800,0,0,0,0,0,5,0,0
100900,0,0,0,0,0,7.5,0.5,0
101000,0,0,0,0,0,6.5,0.5,0
101100,0,0,0,0,0,6.5,0.5,0
101200,0,0,0,0,0,8.5,0.5,0
101300,0,0,0,0,0,3,3,0
101400,0,0.366666674613953,0.366666674613953,0.366666674613953,0,0.66666667163372,16.866666674614,0.366666674613953
101500,0,0.533333346247673,0.533333346247673,0.533333346247673,0,2.83333334326744,33.0333333462477,0.533333346247673
101600,0,0,0,0,0,8,56,0
101700,0,0.933333352208138,0.933333352208138,0.933333352208138,0,15.3333333432674,80.9333333522081,0.933333352208138
101800,0,0.366666674613953,0.366666674613953,0.366666674613953,0.16666667163372,18,80.366666674614,0.366666674613953
101900,0,0.866666689515114,0.866666689515114,0.866666689515114,0.16666667163372,19.0000000149012,77.3666666895151,0.866666689515114
102000,0,0.966666683554649,0.966666683554649,0.966666683554649,0,14.6666666716337,81.4666666835546,0.966666683554649
102100,0,1.23333336412907,1.23333336412907,1.23333336412907,0.16666667163372,22.6666666865349,72.2333333641291,1.23333336412907
102200,0,0.428571447730064,0.428571447730064,0.428571447730064,0.428571447730064,48.9285714477301,48.9285714477301,0.428571447730064
102300,0,0,0,0,0,100,0,0
102400,0,0,0,0,0,100,0,0
102500,0,0,0,0,0,98,0,0
102600,0,0,0,0,0,99,0,0
102700,0,0,0,0,0,86,1,0
102800,0,0,0,0,0,96,2,0
102900,0,0,0,0,0,96,2,0
103000,0,0,0,0,0,94,4,0
103100,0,0.200000002980232,0.200000002980232,0.200000002980232,0,15,72.2000000029802,0.200000002980232
103200,0,0.25,0.25,0.25,1,4,84,0.25
103300,0,0,0,0,1,0,87,0
103400,0,0,0,0,0,0.5,82.5,0
103500,0,0,0,0,0,0.5,77.5,0
103600,0,0,0,0,0,0,79,0
103700,0,0,0,0,0,0,89,0
103800,0,0,0,0,0,0,68,0
103900,0,0,0,0,0,0,82,0
104000,0,0,0,0,0,0,96,0
104100,0,0,0,0,0,0.5,92.5,0
104200,0,0,0,0,0,0.5,93.5,0
104300,0,0,0,0,0,0.5,90.5,0
104400,0,0,0,0,0,0.5,93.5,0
104500,0,0,0,0,0,0.5,77.5,0
104600,0,0,0,0,0,0,97,0
104700,0,0,0,0,0,0.5,36.5,0
104800,0,0,0,0,1,2.5,31.5,0
104900,0,0,0,0,0,4.5,11.5,0
105000,0,0,0,0,0,1.5,9.5,0
105100,0,0,0,0,0,3,6,0
105200,0,0,0,0,0,3,8,0
105300,0,0,0,0,0,3,19,0
105400,0,0,0,0,0,7.5,4.5,0
105500,0,0,0,0,0,4.5,5.5,0
105600,0,0,0,0,0,4.5,4.5,0
105700,0,1.00000004470348,1.00000004470348,1.00000004470348,1.00000004470348,1.50000004470348,1.50000004470348,1.00000004470348
105800,0,2.28571438789368,2.28571438789368,2.28571438789368,2.28571438789368,15.2857143878937,15.2857143878937,2.28571438789368
105900,0,0.392857149243355,0.142857149243355,0.142857149243355,0.392857149243355,5.39285714924335,5.39285714924335,0.142857149243355
106000,0,0.5,0,0,0.5,0,1,0
106100,0,0,0,0,0,0,2,0
106200,0,1.33333334326744,0,0,0.333333343267441,0,2.33333334326744,0
106300,0,0,0,0,0,0,5,0
106400,0,0,0,0,0,0.5,3.5,0
106500,0,0,0,0,0,0,0,0
106600,0,0,0,0,0,0,0,0
106700,0,0,0,0,0,5,3,0
106800,0,0,0,0,0,9,1,0
106900,0,0,0,0,0,87,1,0
107000,0,0,0,0,0,66,1,0
107100,0,0,0,0,0,67,2,0
107200,0,0,0,0,0,39,2,0
107300,0,0,0,0,0,51,3,0
107400,0,0,0,0,0,62,3,0
107500,0,0,0,0,0,43,1,0
107600,0,0,0,0,0,65,1,0
107700,0,0,0,0,0,5,3,0
107800,0,0,0,0,0,9,21,0
107900,0,0,0,0,0,16,2,0
108000,0,0,0,0,0,41,4,0
108100,0,0.400000005960464,0.400000005960464,0.400000005960464,0,27.9000000059605,1.5,0.400000005960464
108200,0,0.900000005960464,0.900000005960464,0.900000005960464,0,20.9000000059605,0,0.400000005960464
108300,0,0.700000002980232,0.700000002980232,0.700000002980232,0,31.2000000029802,0.5,0.200000002980232
108400,0,0.592857152223587,0.592857152223587,0.592857152223587,0.142857149243355,27.0928571522236,0.642857149243355,0.342857152223587
108500,0,0.700000002980232,0.700000002980232,0.700000002980232,0,63.2000000029802,0.5,0.200000002980232
108600,0,0.700000002980232,0.700000002980232,0.700000002980232,0,61.7000000029802,1,0.200000002980232
108700,0,15.5238100886345,15.5238100886345,15.5238100886345,6.85714316368103,15.5238100886345,15.5238100886345,15.5238100886345
108800,0,14.2857149243355,14.2857149243355,14.2857149243355,14.2857149243355,14.2857149243355,14.2857149243355,14.2857149243355
108900,0,14.2857149243355,14.2857149243355,14.2857149243355,14.2857149243355,14.2857149243355,14.2857149243355,14.2857149243355
109000,0,14.2857149243355,14.2857149243355,14.2857149243355,14.2857149243355,14.2857149243355,14.2857149243355,14.2857149243355
109100,0,14.2857149243355,14.2857149243355,14.2857149243355,14.2857149243355,14.2857149243355,14.2857149243355,14.2857149243355
109200,0,4.71428592503071,4.71428592503071,4.71428592503071,4.71428592503071,4.71428592503071,4.71428592503071,4.71428592503071
109300,0,5.71428596973419,5.71428596973419,5.71428596973419,5.71428596973419,5.71428596973419,5.71428596973419,5.71428596973419
109400,0,7.30952402949333,7.30952402949333,7.30952402949333,7.30952402949333,7.30952402949333,7.30952402949333,0.142857149243355
109500,0,5.83333350718021,5.83333350718021,5.83333350718021,5.83333350718021,5.83333350718021,5.83333350718021,0
109600,0,4.65000000596046,4.65000000596046,4.65000000596046,0,54.6500000059605,3.40000000596046,0
109700,0,3.25,3.25,3.25,0,60.25,0,0
109800,0,3.75,3.75,3.75,0,34.75,0,0
109900,0,0,0,0,0,92,0,0
110000,0,0,0,0,0,99,0,0
110100,0,0,0,0,0,100,0,0
110200,0,0,0,0,0,100,0,0
110300,0,0,0,0,0,100,0,0
110400,0,0,0,0,0,100,0,0
110500,0,0,0,0,0,100,0,0
110600,0,0,0,0,0,63.5,3.5,0
110700,0,0,0,0,2,3,92,0
110800,0,0,0,0,0,2.5,96.5,0
110900,0,0,0,0,0,0,99,0
111000,0,0,0,0,0,3,95,1
111100,0,0,0,0,0,0,100,0
111200,0,0,0,0,0,0,100,0
111300,0,0,0,0,0,0,100,0
111400,0,0,0,0,0,50,50,0
111500,0,0,0,0,0,12.5,0.5,0
111600,0,0,0,0,0,28.5,0.5,0
111700,0,0,0,0,0,13,0,0
111800,0,0,0,0,0,11,0,0
111900,0,0,0,0,0,11,0,0
112000,0,0,0,0,0,4,0,0
112100,0,0,0,0,0,6,0,0
112200,0,0,0,0,0,9,2,0
112300,0,0,0,0,0,6.5,7.5,0
112400,0,0,0,0,0,0,4,0
112500,0,0,0,0,0,0.5,19.5,0
112600,0,0,0,0,0,0,28,0
112700,0,0,0,0,0,0,39,0
112800,0,0,0,0,2,0.5,56.5,0
112900,0,0,0,0,0,3,77,0
113000,0,0,0,0,1,4.5,67.5,0
113100,0,0,0,0,0,1.5,82.5,0
113200,0,0,0,0,21,24,25,0
113300,0,0,0,0,5,44.5,39.5,0
113400,0,0,0,0,3,45.5,44.5,0
113500,0,0,0,0,0,67.5,30.5,0
113600,0,0,0,0,0,73.5,14.5,0
113700,0,0,0,0,0,63,11,0
113800,0,0,0,0,0,41,7,0
113900,0,0,0,0,0,38.5,23.5,0
114000,0,0,0,0,0,9.5,74.5,0
114100,0,0,0,0,0,7,82,0
114200,0,0,0,0,0,5,85,0
114300,0,0,0,0,0,2,78,0
114400,0,0,0,0,0,1.5,89.5,0
114500,0,0,0,0,9.5,0.5,86,0
114600,0,0,0,0,0,11,67,0
114700,0,0,0,0,0,12.5,23.5,0
114800,0,0,0,0,0,14.5,28.5,0
114900,0,0,0,0,0,10,35,0
115000,0,0,0,0,0,0.5,78.5,0
115100,0,0,0,0,0,2,82,0
115200,0,0,0,0,0,0,32,0
115300,0,0,0,0,0,0,51,0
115400,0,0,0,0,0,0,57,0
115500,0,0,0,0,0,0,85,0
115600,0,0,0,0,0,0,57,0
115700,0,0,0,0,0,0,40,0
115800,0,0,0,0,1,8,9,0
115900,0,0,0,0,0,3,5,0
116000,0,0,0,0,0,31,22,0
116100,0,0,0,0,0,34,13,0
116200,0,0,0,0,1,15,4,0
116300,0,0,0,0,3,5,2,0
116400,0,0,0,0,2,11,9,0
116500,0,0,0,0,0,12.5,74.5,0
116600,0,0,0,0,0,1.5,90.5,0
116700,0,0,0,0,0,9,79,0
116800,0,0,0,0,0,2,98,0
116900,0,0,0,0,0,4,91,0
117000,0,0,0,0,0,0,100,0
117100,0,0,0,0,0,3,90,0
117200,0,0,0,0,0,0,92,0
117300,0,0,0,0,0,7,16,0
117400,0,0,0,0,0,13,14,0
117500,0,0,0,0,0,29,10,0
117600,0,0,0,0,0,43,10,0
117700,0,0,0,0,0,49,11,0
117800,0,0,0,0,0,64,9,0
117900,0,0,0,0,0,41,10,0
118000,0,0,0,0,0,44,28,0
118100,0,1,0,0,0,38,16,0
118200,0,0,0,0,0,44,24,0
118300,0,0,0,0,0,11,32,0
118400,0,0,0,0,0,2,43,0
118500,0,0.5,0,0,0,5,62,0.5
118600,0,0,0,0,0,13,52,0
118700,0,0,0,0,0,43,38,0
118800,0,0.5,0,0,0,24.5,20.5,0.5
118900,0,0.566666677594185,0.566666677594185,0.566666677594185,0.566666677594185,44.5,27.6666666716337,0.566666677594185
119000,0,1.00000001490116,1.00000001490116,1.00000001490116,1.00000001490116,14,16,1.00000001490116
119100,0,7.90000012516975,7.90000012516975,7.90000012516975,7.90000012516975,19.3333333432674,4.16666667163372,7.90000012516975
119200,0,3.10000005364418,3.10000005364418,3.10000005364418,3.10000005364418,50.5000000149012,5,3.10000005364418
119300,0,1.30000002682209,1.30000002682209,1.30000002682209,1.30000002682209,61.8333333432674,4.66666667163372,1.30000002682209
119400,0,3.80000005662441,3.80000005662441,3.80000005662441,3.80000005662441,23.5,4.5,3.80000005662441
119500,0,1.36666668951511,1.36666668951511,1.36666668951511,1.36666668951511,6,1.16666667163372,1.36666668951511
119600,0,2.28571432828903,2.28571432828903,2.28571432828903,2.28571432828903,5.28571429848671,4.28571429848671,2.28571432828903
119700,0,0.200000002980232,0.200000002980232,0.200000002980232,0.200000002980232,13,7,0.200000002980232
119800,0,0,0,0,0,1,22,0
119900,0,0,0,0,0,17,36,0
120000,0,0,0,0,0,0,14,0
120100,0,0,0,0,0,0,5,0
120200,0,0,0,0,0,1,2,0
120300,0,0,0,0,0,0,2,0
120400,0,0,0,0,0,0,6,0
120500,0,0,0,0,0,2,8,0
120600,0,0,0,0,0,0,0,0
120700,0,0,0,0,0,0,1,0
120800,0,0,0,0,0,14,2,0
120900,0,0.916666686534882,0,0.916666686534882,25.9166666865349,10.75,1.5,0
121000,0,3.43333339691162,85.4333333969116,3.43333339691162,1.01666668057442,0.41666667163372,6.26666668057442,0
121100,0,0.25,90.25,0.25,0.25,0,5,0
121200,0,0,0,0,0,3,83,0
121300,0,0,0,0.5,0,5,90.5,0
121400,0,0,0,0.333333343267441,0.333333343267441,6.5,83.8333333432674,0
121500,0,0,0,0,0,10,82,0
121600,0,0,6.5,0,0,3,52.5,0
121700,0,0,0,0,0,32,50,0
121800,0,0,0,0,0,30.5,15.5,0
121900,0,0,0,0,0,49,0,0
122000,0,0,0,0,0,71.5,0.5,0
122100,0,0,0,0,0,55.5,0.5,0
122200,0,0,0,0,0,41,13,0
122300,0,0,0,0,0,31,16,0
122400,0,0,0,0,0,73,19,0
122500,0,0,0,0,0,30.5,43.5,0
122600,0,0,0,0,1,38.5,52.5,0
122700,0,0,0,0,0,42,58,0
122800,0,0,0,0,0,32.5,67.5,0
122900,0,0,0,0,0,47.5,52.5,0
123000,0,0,0,0,0,78.5,21.5,0
123100,0,0,0,0,0,85,15,0
123200,0,0,0,0,0,18.5,81.5,0
123300,0,0,0,0,0,21.5,78.5,0
123400,0,0,0,0,0,16,84,0
123500,0,0,0,0,0,17,83,0
123600,0,0,0,0,0,17,83,0
123700,0,0,0,0,0.333333343267441,15.8333333432674,83.8333333432674,0
123800,0,0.142857149243355,0.142857149243355,0.142857149243355,0.476190492510796,18.4761904925108,80.4761904925108,0.142857149243355
123900,0,0,0,0,0.333333343267441,19.3333333432674,80.3333333432674,0
124000,0,0.16666667163372,0.16666667163372,0.16666667163372,0,49.6666666716337,49.6666666716337,0.16666667163372
124100,0,0.16666667163372,0.16666667163372,0.16666667163372,0.500000014901161,82.5000000149012,16.3333333432674,0.16666667163372
124200,0,0,0,0,0,79.5,20.5,0
124300,0,0,0,0,0,22.5,77.5,0
124400,0,0,0,0,0,14,82,0
124500,0,0,0,0,0,14.5,83.5,0
124600,0,0,0,0,0,13.5,83.5,0
124700,0,0,0,0,0,25,66,0
124800,0,0,0,0,0,24,65,0
124900,0,0,0,0,0,17,77,0
125000,0,0,0,0,2.16666668653488,16.6666666865349,58.1666666865349,0
125100,0,0.142857149243355,0.142857149243355,0.142857149243355,1.64285714924335,63.1428571492434,10.6428571492434,0.142857149243355
125200,0,0,0,0,0,72.5,0.5,0
125300,0,0,0,0,0,62.5,12.5,0
125400,0,0,0,0,0,60,9,0
125500,0,0,0,0,0,60,18,0
125600,0,0,0,0,1,54,41,0
125700,0,0,0,0,0,80.5,4.5,0
125800,0,0,0,0,0,73.5,20.5,0
125900,0,0,0,0,0,45,40,0
126000,0,0,0,0,0,57.5,21.5,0
126100,0,0,0,0,1,59,20,0
126200,0,0,0,0,0,52.5,29.5,0
126300,0,0,0,0,0.5,63.5,16,0
126400,0,0,0,0,0.5,71,6.5,0
126500,0,0,0,0,0,13.5,22.5,0
126600,0,0,0,0,0,27,10,0
126700,0,0,0,0,0,35.5,7.5,0
126800,0,0,0,0,0,11,5,0
126900,0,0,0,0,0,20,0,0
127000,0,0.142857149243355,0.142857149243355,0.142857149243355,0.809523835778236,10.3095238357782,1.30952383577824,0.142857149243355
127100,0,0,0,0,0.333333343267441,1.83333334326744,1.83333334326744,0
127200,0,0,0,0,0.333333343267441,0.333333343267441,3.33333334326744,0
127300,0,0,0,0,3.5,1,20.5,0
127400,0,0.5,0.200000002980232,0.200000002980232,6.03333334624767,0.833333343267441,13.0333333462477,0.200000002980232
127500,0,0.333333343267441,0,0,7.83333334326744,0,14.8333333432674,0
127600,0,0,0,0,2,0.5,11.5,0
127700,0,0,0,0,3,1.5,7.5,0
127800,0,0,0,0,0.5,24.5,19,0
127900,0,0,0,0,0,11,8,0
128000,0,0,0,0,0,86,0,0
128100,0,0,0,0,0,87.5,0.5,0
128200,0,0,0,0,0,80,0,0
128300,0,0,0,0,0,84.5,0.5,0
128400,0,0,0,0,0,99.5,0.5,0
128500,0,0,0,0,0,93,0,0
128600,0,0,0,0,0,91,0,0
128700,0,0.333333343267441,0.333333343267441,0.333333343267441,0.333333343267441,92.3333333432674,0,0.333333343267441
128800,0,1.4761904925108,0.476190492510796,1.4761904925108,1.4761904925108,61.9761904925108,3.64285714924335,0.476190492510796
128900,0,2.75000001490116,0.500000014901161,2.75000001490116,2.75000001490116,51.2500000149012,0.5,0.500000014901161
129000,0,1.89285717904568,1.14285717904568,1.89285717904568,1.89285717904568,48.8928571790457,0.142857149243355,1.14285717904568
129100,0,3.05952383577824,0.809523835778236,3.05952383577824,3.05952383577824,54.0595238357782,0.142857149243355,0.809523835778236
129200,0,7.94523817300797,2.09523816406727,7.94523817300797,7.94523817300797,7.94523817300797,1.02857145667076,2.09523816406727
129300,0,20.4238097965717,8.52380979061127,20.4238097965717,20.4238097965717,20.4238097965717,1.25714290142059,8.52380979061127
129400,0,7.40238104760647,2.95238104462624,7.40238104760647,7.40238104760647,68.9023810476065,2.98571430146694,2.95238104462624
129500,0,1.73333336412907,7.40000005066395,7.40000005066395,7.40000005066395,45.1000000238419,8.56666667759418,7.40000005066395
129600,0,2.13333335518837,7.1333334594965,7.1333334594965,2.38333337008953,36.0833333581686,2,7.1333334594965
129700,0,1.38333335518837,1.96666669845581,1.96666669845581,0.733333349227905,19.9833333492279,1,1.96666669845581
129800,0,0.450000002980232,0.950000002980232,0.950000002980232,0.25,17.4500000029802,1,0.950000002980232
129900,0,0,0,0,0,3,1,0
130000,0,0,0.25,0.25,4.25,17.5,5.5,0.25
130100,0,0,0,0,1,27,21,0
130200,0,0,0,0,2,17,13,0
130300,0,0.25,0.25,0.25,1,22.5,8.5,0.25
130400,0,0,0,0,1,12.5,13.5,0
130500,0,0,0,0,2.5,23,47.5,0
130600,0,0.450000002980232,0.450000002980232,0.450000002980232,1.70000000298023,34,61.5,0.450000002980232
130700,0,0,0,0,15.5,39,20.5,0
130800,0,0.25,0.25,0.25,0,23,2,0.25
130900,0,0.25,0.25,0.25,0,0,1,0.25
131000,0,0,0,0,0,0,0,2
131100,0,0,0,0,0,0,22,0
131200,0,0,0,0,0,0,18,0
131300,0,0,0,0,0,0,22,0
131400,0,0,0,0,0,0,12,0
131500,0,0,0,0,0,0,4,0
131600,0,0,0,0,0,0,28,0
131700,0,0,0,0,0,1,41,0
131800,0,0,0,0,0,13,6,0
131900,0,0.400000005960464,0.400000005960464,0.400000005960464,0.400000005960464,10,5,0.400000005960464
132000,0,1.90000000596046,1.90000000596046,1.90000000596046,0.400000005960464,7.5,4.5,1.90000000596046
132100,0,1.45000000298023,1.45000000298023,1.45000000298023,0.200000002980232,5.5,1.5,1.45000000298023
132200,0,3.8500000089407,3.8500000089407,3.8500000089407,0.600000008940697,31.5,5.5,3.8500000089407
132300,0,4.66666668653488,4.66666668653488,4.66666668653488,0.566666677594185,42.7666666805744,6,4.66666668653488
132400,0,9.9333333671093,9.9333333671093,9.9333333671093,0.766666680574417,10.2333333492279,10.2666666805744,9.9333333671093
132500,0,6.80000002682209,6.80000002682209,6.80000002682209,0.400000005960464,21.0000000149012,5.40000000596046,6.80000002682209
132600,0,1.5,1.5,1.5,0,23.5,25.5,1.5
132700,0,0.75,0.75,0.75,0,27.5,42.5,0.75
132800,0,0,0,0,0,67,8,0
132900,0,0,0,0,0,54,28,0
133000,0,0,0,0,0,28,25,0
133100,0,0,0,0,0,14,30,0
133200,0,0,0,0,0,14,17,0
133300,0,0,0,0,0,25,26,0
133400,0,0,0,0,0,41,10,0
133500,0,0,0,0,0,41,15,0
133600,0,0,0,0,2,30.5,35.5,0
133700,0,0,0,0,0,19,16,0
133800,0,0,0,0,0,23,26,0
133900,0,0,0,0,0,17,33,0
134000,0,0,0,0,0,34,35,0
134100,0,0,0,0,0,10,39,0
134200,0,0,0,0,0,9,41,0
134300,0,0,0,0,0,0,97,0
134400,0,0,0,0,0,0,96,0
134500,0,0,0,0,0,0,98,0
134600,0,0,0,0,0,2.5,96.5,0
134700,0,0,0,0,0,5.5,90.5,0
134800,0,0,0,0,0,8.5,80.5,0
134900,0,0,0,0,0,1,96,0
135000,0,0,0,0,0,3.5,86.5,0
135100,0,0,0,0,0,13,29,0
135200,0,0,0,0,0,10,8,0
135300,0,0,0,0,0,19,11,0
135400,0,0,0,0,0.5,19,15.5,0
135500,0,0,0,0,0.5,31,30.5,0
135600,0,0,0,0,0,1,27,0
135700,0,0,0,0,0,7,12,0
135800,0,0,0,0,0,0,33,0
135900,0,0,0,0,0,2,61,0
136000,0,0,0,0,0,0,76,0
136100,0,0,0,0,0,0,62,0
136200,0,0,0,0,0,0,45,0
136300,0,0,0,0,0,0,47,0
136400,0,0,0,0,0,1,89,0
136500,0,0,0,0,0,0,82,0
136600,0,0,0,0,0,2.5,71.5,0
136700,0,0,0,0,0,6,30,0
136800,0,0,0,0,0,2,54,0
136900,0,0,0,0,0,4,69,0
137000,0,0,0,0,0,0,95,0
137100,0,0,0,0,0,0,87,0
137200,0,0,0,0,0,1,76,0
137300,0,0,0,0,0,7.5,85.5,0
137400,0,0,0,0,0,5,86,0
137500,0,0,0,0,0,12.5,74.5,0
137600,0,0,0,0,0,65,6,0
137700,0,0,0,0,0,65.5,12.5,0
137800,0,0,0,0,0,59,15,0
137900,0,0,0,0,0,75,12,0
138000,0,0,0,0,0,53.5,40.5,0
138100,0,0,0,0,8,40,42,0
138200,0,0,0,0,2,42.5,39.5,0
138300,0,0,0,0,8,22.5,52.5,0
138400,0,0,0,0,1.5,1.5,72,0
138500,0,0,0,0,0.5,5.5,77,0
138600,0,0,0,0,1,1,84,0
138700,0,0,0,0,0.5,3,57.5,0
138800,0,0,0,0,0,0,40,0
138900,0,0,0,0,0,0.5,23.5,0
139000,0,0,0,0,0,0,14,0
139100,0,0,0,0,0,0,2,0
139200,0,0,0,0,0,3,8,0
139300,0,0,0,0,0,2,0,0
139400,0,0,0,0,0,3,0,0
139500,0,0,0,0,0,5,0,0
139600,0,0,0,0,0,3,0,0
139700,0,0,0,0,0,6,0,0
139800,0,0,0,0,0,4,0,0
139900,0,0,0,0,0,10,0,0
140000,0,0,0,0,0,20,1,0
140100,0,0,0,0,0.333333343267441,49.8333333432674,49.8333333432674,0
140200,0,0,0,0,0,0,100,0
140300,0,0,0,0,0.5,0,99.5,0
140400,0,0.200000002980232,0.200000002980232,0.200000002980232,0,2.20000000298023,93.2000000029802,0
140500,0,0,0,0,0,1,90,0
140600,0,0,0,0,2,0,87,0
140700,0,0,0,0,0,3.5,96.5,0
140800,0,0,0,0,0,25,60,0
140900,0,0,0,0,4,53.5,23.5,0
141000,0,0,0,0,0,100,0,0
141100,0,0,0,0,0,100,0,0
141200,0,0,0,0,0,100,0,0
141300,0,0,0,0,0,100,0,0
141400,0,0,0,0,0,100,0,0
141500,0,0.950000002980232,0.950000002980232,0.950000002980232,0,92.4500000029802,0,0.700000002980232
141600,0,0.850000008940697,0.850000008940697,0.850000008940697,0,79.8500000089407,0,0.600000008940697
141700,0,2.80000004172325,2.80000004172325,2.80000004172325,0,57.8000000417233,0,2.80000004172325
141800,0,5.28571452200413,5.28571452200413,5.28571452200413,5.28571452200413,5.28571452200413,5.28571452200413,5.28571452200413
141900,0,6.0000002682209,6.0000002682209,6.0000002682209,6.0000002682209,6.0000002682209,6.0000002682209,6.0000002682209
142000,0,5.14285737276077,5.14285737276077,5.14285737276077,5.14285737276077,5.14285737276077,5.14285737276077,5.14285737276077
142100,0,5.57142882049084,5.57142882049084,5.57142882049084,5.57142882049084,5.57142882049084,5.57142882049084,5.57142882049084
142200,0,5.28571452200413,5.28571452200413,5.28571452200413,5.28571452200413,5.28571452200413,5.28571452200413,5.28571452200413
142300,0,5.57142882049084,5.57142882049084,5.57142882049084,5.57142882049084,5.57142882049084,5.57142882049084,5.57142882049084
142400,0,14.2857149243355,14.2857149243355,14.2857149243355,14.2857149243355,14.2857149243355,14.2857149243355,14.2857149243355
142500,0,14.2857149243355,14.2857149243355,14.2857149243355,14.2857149243355,14.2857149243355,14.2857149243355,14.2857149243355
142600,0,14.2857149243355,14.2857149243355,14.2857149243355,14.2857149243355,14.2857149243355,14.2857149243355,14.2857149243355
142700,0,14.2857149243355,14.2857149243355,14.2857149243355,14.2857149243355,14.2857149243355,14.2857149243355,14.2857149243355
142800,0,6.14285741746426,6.14285741746426,6.14285741746426,25.1428579837084,25.1428579837084,25.1428579837084,6.14285741746426
142900,0,0.600000008940697,0.600000008940697,0.600000008940697,0.333333343267441,54.9333333522081,0.333333343267441,0.600000008940697
143000,0,0.400000005960464,0.400000005960464,0.400000005960464,0.666666686534882,50.0666666924953,0.666666686534882,0.400000005960464
143100,0,0.200000002980232,0.200000002980232,0.200000002980232,0.333333343267441,33.5333333462477,0.333333343267441,0.200000002980232
143200,0,0.200000002980232,0.200000002980232,0.200000002980232,0.333333343267441,27.5333333462477,0.333333343267441,0.200000002980232
143300,0,0.400000005960464,0.400000005960464,0.400000005960464,0,31.4000000059605,0,0.400000005960464
143400,0,0,0,0,1.00000002980232,36.0000000298023,1.00000002980232,0
143500,0,0,0,0,0,16,0,0
143600,0,0,0,0,0,17,0,0
143700,0,0,0,0,0,5.5,0.5,0
143800,0,0,0,0,0,1,0,0
143900,0,0,0,0,0,29,0,0
144000,0,0,0,0,0,26,0,0
144100,0,0,0,0,0,29,0,0
144200,0,0,0,0,0,32,0,0
144300,0,0,0,0,0,53,2,0
144400,0,0,0,0,0,24,0,0
144500,0,0,0,0,0,32,1,0
