Position in alignment,BHV5 - BHV5,BHV5 - C33,BHV5 - C46,BHV5 - Titanium_IBR_MLV_vaccine,BHV5 - 216_II,BHV5 - SP1777,BHV5 - B589,BHV5 - Cooper
100,0,0.200000002980232,0.200000002980232,0.200000002980232,0.200000002980232,47,3,0.200000002980232
200,0,0,0,0,0,30,9,0
300,0,0,0,0,0,19.5,3.5,0
400,0,0,0,0,0,24,2,0
500,0,0,0,0,0,19,3,0
600,0,0,0,0,0,32,34,0
700,0,0,0,0,0,0.5,63.5,0
800,0,0,0,0,0,1.5,75.5,0
900,0,0,0,0,0,34.5,34.5,0
1000,0,0,0,0,0,36,39,0
1100,0,0.200000002980232,0.200000002980232,0.200000002980232,0.200000002980232,58.5,21.5,0.200000002980232
1200,0,0,0,0,0,49,42,0
1300,0,0.200000002980232,0.200000002980232,0.200000002980232,0.200000002980232,47.5,47.5,0.200000002980232
1400,0,0,0,0,0,35.5,48.5,0
1500,0,0.200000002980232,0.200000002980232,0.200000002980232,0.200000002980232,36,9,0.200000002980232
1600,0,0.366666674613953,0.366666674613953,0.366666674613953,0.366666674613953,28.5,10.6666666716337,0.366666674613953
1700,0,0,0,0,0,5.5,15.5,0
1800,0,0,0,0,1.83333337306976,12.3333333730698,13.8333333730698,0
1900,0,0,0,0,0,0,7,0
2000,0,0,0,0,0,1,1,0
2100,0,0,0,0,0,1,1,0
2200,0,0,0,0,0,1.5,1.5,0
2300,0,0,0,0,0,9.5,9.5,0
2400,0,0,0,0,0,7.5,7.5,0
2500,0,0.142857149243355,0.142857149243355,0.142857149243355,0.142857149243355,17.1428571492434,17.1428571492434,0.142857149243355
2600,0,0,0,0,0,33,1,0
2700,0,0,0,0,0,54.5,7.5,0
2800,0,0,0,0,0.5,51.5,7,0
2900,0,0.142857149243355,0.142857149243355,0.142857149243355,0.142857149243355,59.1428571492434,5.14285714924335,0.142857149243355
3000,0,0.66666667163372,0.16666667163372,0.66666667163372,0.66666667163372,70.6666666716337,4,0.16666667163372
3100,0,0.833333358168602,0.16666667163372,0.833333358168602,0,62.3333333581686,3.66666667163372,0.16666667163372
3200,0,0.533333346247673,0.200000002980232,0.533333346247673,0,57.0333333462477,2.5,0.200000002980232
3300,0,2.43333338201046,0.933333352208138,2.43333338201046,0.91666667163372,62.4333333820105,5.91666667163372,0.933333352208138
3400,0,0.533333346247673,0.200000002980232,0.533333346247673,0,47.5333333462477,7,0.200000002980232
3500,0,0.25,0,0.25,0,35.75,3.75,0
3600,0,0.16666667163372,0.16666667163372,0.16666667163372,0,25.1666666716337,4.16666667163372,0.16666667163372
3700,0,0.833333343267441,0,0,0,53.3333333432674,1.83333334326744,0
3800,0,0,0,0,0,43.5,2.5,0
3900,0,0,0,0,0,29.5,3.5,0
4000,0,0,0,0,0,31.5,1.5,0
4100,0,0,0,0,0,31.5,0.5,0
4200,0,0,0,0,0,62.5,7.5,0
4300,0,0.5,0,0,0,86.5,13,0
4400,0,0.16666667163372,0.16666667163372,0.16666667163372,0,74.6666666716337,24.6666666716337,0.16666667163372
4500,0,0,0,0,0,50,50,0
4600,0,0,0,0,0,79.5,20.5,0
4700,0,7.63333348929882,7.63333348929882,7.63333348929882,0.16666667163372,7.63333348929882,31.6666667461395,7.63333348929882
4800,0,1.30000002682209,1.30000002682209,1.30000002682209,0,46.3000000268221,42.5000000149012,1.30000002682209
4900,0,0.733333349227905,0.733333349227905,0.733333349227905,0.5,40.7333333492279,51.8333333432674,0.733333349227905
5000,0,1.3333333581686,1.3333333581686,1.3333333581686,1.5,37.8333333581686,50.3333333432674,1.3333333581686
5100,0,0,0,0,0.333333343267441,33.3333333432674,35.3333333432674,0
5200,0,0.200000002980232,0.200000002980232,0.200000002980232,0,20.2000000029802,29,0.200000002980232
5300,0,0,0,0,0,18,30,0
5400,0,0,0,0,0.333333343267441,1.83333334326744,29.8333333432674,0
5500,0,0,0,0,0,5.5,5.5,0
5600,0,0,0,0,0,7,7,0
5700,0,0,0,0,0,8.5,8.5,0
5800,0,0,0,0,0,0.5,14.5,0
5900,0,0,0,0,0,1.5,16.5,0
6000,0,0,0,0,0,22,21,0
6100,0,0,0,0,0,13,39,0
6200,0,0,0,0,0,7,60,0
6300,0,0,0,0,0,8.5,28.5,0
6400,0,0,0,0,0,51,10,0
6500,0,0,0,0,0,16.5,36.5,0
6600,0,0,0,0,0,51,14,0
6700,0,0,0,0,0,63,7,0
6800,0,0,0,0,0,25.5,14.5,0
6900,0,0,0,0,0,55,19,0
7000,0,0,0,0,0,56.5,13.5,0
7100,0,0,0,0,0,62.5,13.5,0
7200,0,0,0,0,0,9.5,12.5,0
7300,0,0,0,0,0,22.5,0.5,0
7400,0,0,0,0,0,2.5,12.5,0
7500,0,0,0,0,0,0,12,0
7600,0,0.200000002980232,0.200000002980232,0.200000002980232,0.200000002980232,9.5,7.5,0.200000002980232
7700,0,0.200000002980232,0.200000002980232,0.200000002980232,0.200000002980232,21.5,3.5,0.200000002980232
7800,0,0.200000002980232,0.200000002980232,0.200000002980232,0.200000002980232,20,3,0.200000002980232
7900,0,0,0,0,0,39.5,2.5,0
8000,0,0,0,0,0,26,26,0
8100,0,0,0,0,4,30,29,0
8200,0,0,0,0,0.833333343267441,65.3333333432674,20.8333333432674,0
8300,0,0,0,0,0.5,56,30.5,0
8400,0,0,0,0,0,62,27,0
8500,0,0,0,0,0,20.5,29.5,0
8600,0,0,0,0,0,32.5,34.5,0
8700,0,0,0,0,0,7,19,0
8800,0,0,0,0,0,28,19,0
8900,0,0,0,0,0,26,15,0
9000,0,0.16666667163372,0.16666667163372,0.16666667163372,0.16666667163372,30.5,1.66666667163372,0.16666667163372
9100,0,0.400000005960464,0.400000005960464,0.400000005960464,0.400000005960464,45,1,0.400000005960464
9200,0,1.7095238417387,1.7095238417387,1.7095238417387,1.7095238417387,14.3095238208771,0.142857149243355,1.7095238417387
9300,0,1.10000002384186,1.10000002384186,1.10000002384186,1.10000002384186,62.5000000149012,1,1.10000002384186
9400,0,1.23333336412907,1.23333336412907,1.23333336412907,1.23333336412907,53.8333333581686,0,1.23333336412907
9500,0,3.03333339095116,3.03333339095116,3.03333339095116,3.03333339095116,60.6666666865349,1.16666667163372,3.03333339095116
9600,0,2.23333337903023,2.23333337903023,2.23333337903023,0.833333358168602,90.2333333790302,0,2.23333337903023
9700,0,1.3333333581686,1.3333333581686,1.3333333581686,0.333333343267441,93.3333333581686,1,1.3333333581686
9800,0,0.676190495491028,0.676190495491028,0.676190495491028,0.476190492510796,94.676190495491,2.14285714924335,0.676190495491028
9900,0,0.566666677594185,0.566666677594185,0.566666677594185,0,95.0666666775942,2.66666667163372,0.566666677594185
10000,0,0,0,0,0,98,2,0
10100,0,0,0,0,0,97,3,0
10200,0,0,0,0,0,92,0,0
10300,0,0,0,0,0,86,0,0
10400,0,0,0,0,0,85,0,0
10500,0,0,0,0,0,80,0,0
10600,0,0,0,0,0,76.5,7.5,0
10700,0,0,0,0,0,82.5,4.5,0
10800,0,0.200000002980232,0.200000002980232,0.200000002980232,0.200000002980232,34.5,9.5,0.200000002980232
10900,0,0.966666683554649,0.966666683554649,0.966666683554649,0.966666683554649,10.6666666716337,28.5,0.966666683554649
11000,0,2.77619053423405,2.77619053423405,2.77619053423405,2.77619053423405,21.476190507412,33.6428571492434,2.77619053423405
11100,0,0.309523820877075,0.309523820877075,0.309523820877075,0.309523820877075,54.3095238208771,44.1428571492434,0.309523820877075
11200,0,0.309523820877075,0.309523820877075,0.309523820877075,0.309523820877075,41.8095238208771,48.6428571492434,0.309523820877075
11300,0,0.366666674613953,0.366666674613953,0.366666674613953,0.366666674613953,27.5,53.6666666716337,0.366666674613953
11400,0,2.70000004768372,2.70000004768372,2.70000004768372,2.70000004768372,29.3333333432674,26.1666666716337,2.70000004768372
11500,0,2.33333337306976,2.33333337306976,2.33333337306976,2.33333337306976,15,48.3333333432674,2.33333337306976
11600,0,2.57619053125381,2.57619053125381,2.57619053125381,2.57619053125381,6.14285714924335,56.976190507412,2.57619053125381
11700,0,2.53333337605,2.53333337605,2.53333337605,2.53333337605,10,36.3333333432674,2.53333337605
11800,0.833333343267441,2.93333338201046,2.93333338201046,2.93333338201046,2.93333338201046,17.5000000149012,22.0000000149012,2.93333338201046
11900,0.16666667163372,19.6761907935143,19.6761907935143,19.6761907935143,19.6761907935143,0.642857164144516,0.809523835778236,19.6761907935143
12000,0,2.73333337903023,2.73333337903023,2.73333337903023,2.73333337903023,4.5,40.8333333432674,2.73333337903023
12100,1.16666667163372,1.16666668653488,1.16666668653488,1.16666668653488,16.1666666865349,14.5,39.5,1.16666668653488
12200,0,0,0,0,0,13,82,0
12300,0,0,0,0,1,8,83,0
12400,0,0,0,0,1,26,73,0
12500,0,0,0,0,0,15.5,84.5,0
12600,0,0,0,0,0,3,97,0
12700,0,0,0,0,0,3,97,0
12800,0,0,0,0,0,2,98,0
12900,0,0,0,0,0,2.5,97.5,0
13000,0,0,0,0,0,34.5,65.5,0
13100,0,0,0,0,0,17.5,70.5,0
13200,0,1.33333334326744,0,0,0,23.8333333432674,60.8333333432674,0
13300,2.33333334326744,0.16666667163372,0.16666667163372,0.16666667163372,0.16666667163372,11.8333333432674,76.0000000149012,0.16666667163372
13400,0.5,0,0,0,0,6,70.5,0
13500,3.5,0.5,0,0,0,13.5,13.5,0
13600,15.0000000298023,0,0,0,0,9.50000002980232,23.5000000298023,0
13700,18.5,0,0,0,0,8,31.5,0
13800,9.5,0,0,0,0,0.5,40,0
13900,16.5,0,0,0,0,1.5,56,0
14000,36.3333333432674,1.00000001490116,1.00000001490116,1.00000001490116,0.333333343267441,0.5,27.8333333432674,1.00000001490116
14100,14.8333333581686,3.15000003576279,3.15000003576279,3.15000003576279,0.333333343267441,0,13.2333333492279,3.15000003576279
14200,36.100000038743,2.98333336412907,2.98333336412907,2.98333336412907,0.200000002980232,0.666666686534882,35.100000038743,2.98333336412907
14300,13.5297619849443,6.32976204156876,6.32976204156876,6.32976204156876,0.57738097012043,7.07738099992275,53.4964287281036,6.32976204156876
14400,6.07142868638039,7.72380970418453,7.72380970418453,7.72380970418453,0.61904764175415,13.1904763281345,49.2238097637892,7.72380970418453
14500,4.51190482079983,5.15476207435131,5.15476207435131,5.15476207435131,5.15476207435131,18.7261905670166,50.9880954474211,5.15476207435131
14600,1.75000002980232,6.7500002682209,6.7500002682209,6.7500002682209,6.7500002682209,32.2500002980232,32.2500002980232,6.7500002682209
14700,12.3750003576279,1.66071434319019,1.66071434319019,1.66071434319019,1.66071434319019,39.6607147008181,39.6607147008181,1.66071434319019
14800,15.4761906415224,0.761904790997505,0.761904790997505,0.761904790997505,2.92857147753239,64.0952382832766,14.4523811042309,0.761904790997505
14900,0,0.309523820877075,0.309523820877075,0.309523820877075,2.64285716414452,85.6428571641445,10.4761904925108,0.309523820877075
15000,0,0.476190492510796,0.476190492510796,0.476190492510796,2.64285717904568,77.1428571790457,18.3095238357782,0.476190492510796
15100,0,1.56666669249535,1.56666669249535,1.56666669249535,2.8333333581686,42.8666666895151,44.0333333611488,1.56666669249535
15200,0,0.616666674613953,0.616666674613953,0.616666674613953,3.16666667163372,48.366666674614,42,0.616666674613953
15300,0,0.500000014901161,0.500000014901161,0.500000014901161,2.66666668653488,42.6666666865349,50.6666666865349,0.500000014901161
15400,0,1.1000000089407,1.1000000089407,1.1000000089407,4.90000000596046,22,63.7000000029802,1.1000000089407
15500,0,0.450000002980232,0.900000005960464,0.900000005960464,5.11666668951511,17.6666666865349,64.0666666924953,0.900000005960464
15600,0,0.933333352208138,3.6833333671093,3.6833333671093,1.3333333581686,1,85.6833333671093,3.6833333671093
15700,0,1.50000002980232,3.70000004768372,3.70000004768372,1.70000003278255,0.5,85.2000000476837,3.70000004768372
15800,0,1.00000001490116,3.55000002682209,3.55000002682209,0.800000011920929,1,86.5500000268221,3.55000002682209
15900,0,0.333333343267441,1.53333336114883,1.53333336114883,1.53333336114883,1.5,92.0333333611488,1.53333336114883
16000,0,0.766666680574417,2.26666669547558,2.26666669547558,2.26666669547558,7,63.1666666865349,2.26666669547558
16100,0,0.733333349227905,0.933333352208138,0.933333352208138,0.933333352208138,5.5,72.0333333462477,0.933333352208138
16200,0,0,0,0,0,21.5,68.5,0
16300,0,0.16666667163372,0.16666667163372,0.16666667163372,0.16666667163372,10.5,85.6666666716337,0.16666667163372
16400,0,0,0,0,0,34,59,0
16500,0,0.200000002980232,0.200000002980232,0.200000002980232,0.200000002980232,57,40,0.200000002980232
16600,0,0,0,0,1,51,48,0
16700,0,0,0,0,0,32,68,0
16800,0,0,0,0,0,2,98,0
16900,0,0,0,0,0,3,97,0
17000,0,0,0,0,0,2.5,97.5,0
17100,0,0,0,0,0,7,92,0
17200,0,0,0,0,0,1,99,0
17300,0,0,0,0,0,1.5,97.5,0
17400,0,0,0,0,0,1.5,98.5,0
17500,0,0,0,0,0,15.5,82.5,0
17600,0,0,0,0,3,21,53,0
17700,0,0,0,0,1,16.5,28.5,0
17800,0,0,0,0,0,10.5,46.5,0
17900,0,0,0,0,0,3,44,0
18000,0,0,0,0,0,16.5,9.5,0
18100,0,0,0,0,0,17.5,37.5,0
18200,0,0,0,0,0,11.5,24.5,0
18300,0,0,0,0,0,20.5,10.5,0
18400,0,0,0,0,0,11,2,0
18500,0,0,0,0,0,25,14,0
18600,0,0,0,0,0,39.5,0.5,0
18700,0,0,0,0,0,49.5,1.5,0
18800,0,0,0,0,0,56.5,1.5,0
18900,0,0,0,0,0,54,0,0
19000,0,0,0,0,0,53,0,0
19100,0,0,0,0,0,73,0,0
19200,0,0,0,0,0,72,0,0
19300,0,0,0,0,0,68,0,0
19400,0,0.200000002980232,0.200000002980232,0.200000002980232,0.200000002980232,56,0,0.200000002980232
19500,0,1.16666668653488,1.16666668653488,1.16666668653488,1.16666668653488,47.1666666716337,0,1.16666668653488
19600,0,0.87619049847126,0.87619049847126,0.87619049847126,0.87619049847126,61.8095238208771,4.80952382087708,0.87619049847126
19700,0,5.36666670441628,0.366666674613953,0.366666674613953,2.03333336114883,62.1666666865349,9.3333333581686,0.366666674613953
19800,0,3.5,0,0,1,75,1.5,0
19900,0,15.3500000685453,1.68333335220814,1.68333335220814,3.70000006258488,24.0666667222977,5.83333334326744,1.68333335220814
20000,0,0.333333343267441,0,0,2.33333334326744,10.3333333432674,4,0
20100,0,0,0,0,0.333333343267441,4.33333334326744,0.333333343267441,0
20200,0,1,0,0,0,4,0,0
20300,0,0,0,0,0.333333343267441,2.33333334326744,0.333333343267441,0
20400,0,0,0,0,1,1,0,0
20500,0,0,0,0,0,5,0,0
20600,0,0.200000002980232,0.200000002980232,0.200000002980232,0.200000002980232,6,0,0.200000002980232
20700,0,0,0,0,0,16,0,0
20800,0,0,0,0,0,52,0,0
20900,0,0,0,0,0,70,0,0
21000,0,0,0,0,0,74,0,0
21100,0,0,0,0,0,89,0,0
21200,0,0,0,0,0,98,0,0
21300,0,0,0,0,0,82,0,0
21400,0,0,0,0,0,81,0,0
21500,0,0,0,0,0,84,0,0
21600,0,0,0,0,0,79.5,6.5,0
21700,0,0,0,0,0,62.5,23.5,0
21800,0,0,0,0,0,59.5,32.5,0
21900,0,0,0,0,0,38.5,44.5,0
22000,0,0,0,0,0,27,20,0
22100,0,0,0,0,0,22,28,0
22200,0,0,0,0,0,27.5,22.5,0
22300,0,0,0,0,0,23.5,23.5,0
22400,0,0,0,0,0,2,34,0
22500,0,0,0,0,0,3.5,28.5,0
22600,0,0,0,0,0,0,8,0
22700,0,0,0,0,0,0.5,7.5,0
22800,0,0,0,0,0,0.5,25.5,0
22900,0,0.25,0.25,0.25,0,3.5,53.75,0
23000,0,0,0,0,0,3.5,24.5,0
23100,0,0,0,0,0,7,42,0
23200,0,0,0,0,0,4.5,16.5,0
23300,0,0,0,0,0,16.5,15.5,0
23400,0,0,0,0,0,39,1,0
23500,0,0,0,0,0,26.5,6.5,0
23600,0,0,0,0,0,49.5,5.5,0
23700,0,0,0,0,0,64.5,2.5,0
23800,0,0.900000020861626,0.900000020861626,0.900000020861626,0.500000014901161,82.4000000208616,0.5,0.900000020861626
23900,0,1.13333335518837,1.13333335518837,1.13333335518837,0.16666667163372,73.6333333551884,0.66666667163372,1.13333335518837
24000,0,2.59523817896843,2.59523817896843,2.59523817896843,2.59523817896843,84.0952381789684,2.92857144773006,2.59523817896843
24100,0,16.3095243275166,16.3095243275166,16.3095243275166,16.3095243275166,16.3095243275166,2.14285723865032,16.3095243275166
24200,0,14.2857149243355,14.2857149243355,14.2857149243355,14.2857149243355,14.2857149243355,14.2857149243355,14.2857149243355
24300,0,14.2857149243355,14.2857149243355,14.2857149243355,14.2857149243355,14.2857149243355,14.2857149243355,14.2857149243355
24400,0,14.2857149243355,14.2857149243355,14.2857149243355,14.2857149243355,14.2857149243355,14.2857149243355,14.2857149243355
24500,0,5.28571452200413,5.28571452200413,5.28571452200413,5.28571452200413,36.7857145220041,36.7857145220041,5.28571452200413
24600,0,1.14285719394684,1.14285719394684,1.14285719394684,1.14285719394684,47.1428571939468,47.1428571939468,1.14285719394684
24700,0,0.28571429848671,0.28571429848671,0.28571429848671,0.28571429848671,49.2857142984867,49.2857142984867,0.28571429848671
24800,0,0,0,0,0,50,50,0
24900,0,0,0,0,0,81.5,18.5,0
25000,0,0,0,0,0,82.5,17.5,0
25100,0,0,0,0,0,82,18,0
25200,0,0,0,0,0,82,18,0
25300,0,0,0,0,0,82,18,0
25400,0,0,0,0,0,84,16,0
25500,0,0,0,0,0,76,24,0
25600,0,0,0,0,0,80,20,0
25700,0,0,0,0,0,50,50,0
25800,0,0,0,0,0,50,50,0
25900,0,0,0,0,0,50,50,0
26000,0,0.500000014901161,0.500000014901161,0.500000014901161,0,49.0000000149012,49.0000000149012,0.500000014901161
26100,0,0.928571462631226,0.928571462631226,0.928571462631226,0.428571447730064,47.9285714626312,47.9285714626312,0.928571462631226
26200,0,0.45238097012043,0.45238097012043,0.45238097012043,0.28571429848671,48.9523809701204,48.9523809701204,0.45238097012043
26300,0,1.7142857760191,1.7142857760191,1.7142857760191,0.714285746216774,46.2142857760191,46.2142857760191,1.7142857760191
26400,0,2.64285723865032,2.64285723865032,2.64285723865032,1.14285719394684,44.1428572386503,44.1428572386503,2.64285723865032
26500,0,1.00000004470348,1.00000004470348,1.00000004470348,2.66666676104069,6.16666676104069,6.16666676104069,1.00000004470348
26600,0,0.28571429848671,0.45238097012043,0.45238097012043,1.78571434319019,5.28571434319019,5.28571434319019,0.45238097012043
26700,0,0,0,0,0.666666686534882,2.16666668653488,2.16666668653488,0
26800,0,0,0.400000005960464,0.400000005960464,0.900000005960464,0.900000005960464,0,0.400000005960464
26900,0,0.16666667163372,0.16666667163372,0.16666667163372,0.16666667163372,3.66666667163372,0.5,0.16666667163372
27000,0,0,0,0,0.5,1,9.5,0
27100,0,0,0,0,0,0.5,2.5,0
27200,0,0,0,0,1.5,1,9.5,0
27300,0,0,0,0,0,4.5,18.5,0
27400,0,0,0,0,0,0.5,19.5,0
27500,0,0,0,0,0,6.5,41.5,0
27600,0,2.25000001490116,0.16666667163372,2.25000001490116,2.25000001490116,2,68.9166666716337,0.16666667163372
27700,0,5.30000007152557,0.600000008940697,5.30000007152557,5.30000007152557,5.20000000298023,60.7000000029802,0.600000008940697
27800,0,4.71666671335697,1.10000002384186,4.71666671335697,4.71666671335697,9.45000000298023,32.2000000178814,1.10000002384186
27900,0,2.70000001788139,0.500000014901161,2.70000001788139,2.70000001788139,1.20000000298023,53.7000000178814,0.500000014901161
28000,0,2.39523813128471,0.595238119363785,2.39523813128471,2.39523813128471,6.22857145965099,35.3952381312847,0.595238119363785
28100,0,1.16666667163372,0.16666667163372,1.16666667163372,1.16666667163372,5.5,55.6666666716337,0.16666667163372
28200,0,1.60000002384186,0,1.60000002384186,1.60000002384186,15.6000000238419,15.6000000238419,0
28300,0,0.700000002980232,0,0.700000002980232,0.700000002980232,47.2000000029802,5.70000000298023,0
28400,0,0.761904790997505,0.761904790997505,0.761904790997505,1.59523813426495,36.0952381342649,6.26190479099751,0.761904790997505
28500,0,0.333333343267441,0.333333343267441,0.333333343267441,0.666666686534882,56.1666666865349,0.833333343267441,0.333333343267441
28600,0,0.500000014901161,0.500000014901161,0.500000014901161,2.00000001490116,76.5000000149012,0.5,0.500000014901161
28700,0,0.833333358168602,0.833333358168602,0.833333358168602,2.3333333581686,81.3333333581686,0,0.833333358168602
28800,0,0,0,0,0.5,63,3.5,0
28900,0,0.366666674613953,0.366666674613953,0.366666674613953,2.86666667461395,72.6666666716337,0,0.366666674613953
29000,0,0.16666667163372,0.16666667163372,0.16666667163372,3.16666667163372,67.1666666716337,0,0.16666667163372
29100,0,0.200000002980232,0.200000002980232,0.200000002980232,3.70000000298023,47,2.5,0.200000002980232
29200,0,0.366666674613953,0.366666674613953,0.366666674613953,0.366666674613953,63.1666666716337,7,0.366666674613953
29300,0,0.200000002980232,0.200000002980232,0.200000002980232,0.200000002980232,52.5,7.5,0.200000002980232
29400,0,0,0,0,0,61.5,21.5,0
29500,0,0,0,0,0,50,26,0
29600,0,0,0,0,0,69,6,0
29700,0,0,0,0,0,28,16,0
29800,0,0,0,0,0,6.5,17.5,0
29900,0,0,0,0,0,5.5,30.5,0
30000,0,0,0,0,0,12.5,6.5,0
30100,0,0,0,0,1,7.5,37.5,0
30200,0,0,0,0,0,10.5,17.5,0
30300,0,0,0,0,0,8.5,6.5,0
30400,0,0,0,0,2,6,11,0
30500,0,0,0,0,0,19.5,12.5,0
30600,0,0,0,0,3,44,18,0
30700,0,0,0,0,6.33333334326744,50.8333333432674,10.8333333432674,0
30800,0,0.200000002980232,0.200000002980232,0.200000002980232,9.03333334624767,34.3333333432674,5.83333334326744,0.200000002980232
30900,0,0.200000002980232,0.200000002980232,0.200000002980232,0.200000002980232,45.5,2.5,0.200000002980232
31000,0,0.333333343267441,0.333333343267441,0.333333343267441,0.333333343267441,82.8333333432674,3.5,0.333333343267441
31100,0,0,0,0,1,58,7,0
31200,0,0,0,0,2,64,16,0
31300,0,2.03333334624767,0.200000002980232,0.200000002980232,0.833333343267441,54.0333333462477,31.5,0.200000002980232
31400,0,1.75000001490116,0.16666667163372,0.16666667163372,2.75000001490116,60.0833333432674,24.9166666716337,0.16666667163372
31500,0,0.333333343267441,0,0,1.33333334326744,77.1666666865349,11.1666666865349,0
31600,0,0.733333349227905,0.400000005960464,0.400000005960464,0.900000005960464,41.8333333432674,35.3333333432674,0.400000005960464
31700,0,0.75,0,0,0.583333343267441,45.5833333432674,36.0833333432674,0
31800,0,0,0,0,0,9,16,0
31900,0,0.333333343267441,0,0,0.333333343267441,13,59.3333333432674,0
32000,0,0.333333343267441,0,0,0.333333343267441,28,57.3333333432674,0
32100,0,0,0,0,0,11,77,0
32200,0,0,0,0,0,12,78,0
32300,0,0,0,0,0,1.5,90.5,0
32400,0,0,0,0,0,43.5,47.5,0
32500,0,0,0,0,0,39.5,42.5,0
32600,0,0,0,0,0,52,48,0
32700,0,0,0,0,0,65.5,23.5,0
32800,0,0,0,0,0,77,13,0
32900,0,0,0,0,0,91.5,0.5,0
33000,0,0.5,0.5,0.5,0,76.5,0.5,0.5
33100,0,0,0,0,0,76,1,0
33200,0,0.400000005960464,0.400000005960464,0.400000005960464,0,25.9000000059605,3.5,0.400000005960464
33300,0,0,0,0,0,40.5,2.5,0
33400,0,0,0,0,0,29.5,5.5,0
33500,0,0,0,0,0,51,9,0
33600,0,0.850000008940697,0.850000008940697,0.850000008940697,0.600000008940697,18,18,0.850000008940697
33700,0,1.41666668653488,1.41666668653488,1.41666668653488,0.766666680574417,51.0666666775942,7.5,1.41666668653488
33800,0,0.676190495491028,0.676190495491028,0.676190495491028,0.976190492510796,72.5095238387585,23.8095238357782,0.676190495491028
33900,0,0.200000002980232,0.200000002980232,0.200000002980232,0.833333343267441,79.0333333462477,19.3333333432674,0.200000002980232
34000,0,0,0,0,0,56.5,10.5,0
34100,0,0.16666667163372,0.16666667163372,0.16666667163372,5.16666667163372,28.6666666716337,1.5,0.16666667163372
34200,0,0.800000011920929,0.800000011920929,0.800000011920929,49.133333414793,8.33333340287209,2.33333340287209,0.800000011920929
34300,0,0,0,0,26.5000000298023,20.5000000298023,4.00000002980232,0
34400,0,0,0,0,44.1666666865349,11.1666666865349,15.6666666865349,0
34500,0,0,0,0,8.33333334326744,3.33333334326744,34.3333333432674,0
34600,0,0,0,0,7.83333334326744,2.83333334326744,31.3333333432674,0
34700,0,0,0,0,2,1.5,20.5,0
34800,0,0,0,0,2,2.5,34.5,0
34900,0,0,0,0,0,2.5,34.5,0
35000,0,0,0,0,0,3.5,38.5,0
35100,0,0.600000008940697,0.600000008940697,0.600000008940697,0,1.5,31.1000000089407,0.600000008940697
35200,0,0,0,0,0,3,43,0
35300,0,0.16666667163372,0.16666667163372,0.16666667163372,0,1.66666667163372,31.6666666716337,0.16666667163372
35400,0,0,0,0,0,1,69,0
35500,0,1.84285718202591,1.84285718202591,1.84285718202591,0.642857164144516,0.142857149243355,66.8428571820259,1.84285718202591
35600,0,0.200000002980232,0.200000002980232,0.200000002980232,0,0.5,97.7000000029802,0.200000002980232
35700,0,0,0,0,0,0.5,99.5,0
35800,0,0.200000002980232,0.200000002980232,0.200000002980232,0,0,99.2000000029802,0.200000002980232
35900,0,0.16666667163372,0.16666667163372,0.16666667163372,0.66666667163372,0.5,98.1666666716337,0.16666667163372
36000,0,0.16666667163372,0.16666667163372,0.16666667163372,1.16666667163372,0,98.1666666716337,0.16666667163372
36100,0,0,0,0,6.5,2,86.5,0
36200,0,0,0,0,4.5,18,77.5,0
36300,0,0,0,0,1.50000002980232,79.0000000298023,19.5000000298023,0
36400,0,0.61904764175415,1.95238099992275,1.95238099992275,12.7857144325972,63.7857144325972,16.9523810744286,1.95238099992275
36500,0,0.595238119363785,1.72857147455215,1.72857147455215,13.7285715639591,64.7285715639591,15.7619048804045,1.72857147455215
36600,0,12.3261906504631,9.176190584898,9.176190584898,5.99285723268986,45.5928573608398,8.55952394008636,9.176190584898
36700,0,13.5761906504631,7.55952391028404,7.55952391028404,3.87619052827358,51.2261906862259,8.64285729825497,7.55952391028404
36800,0,9.15000003576279,4.20000006258488,4.20000006258488,8.21666669845581,33.1833333820105,31.8500000536442,4.20000006258488
36900,0,15.0261906683445,3.60952389240265,3.60952389240265,4.89285722374916,10.3928573131561,58.8595240414143,3.60952389240265
37000,0,11.2000001519918,3.03333340585232,3.03333340585232,4.33333340287209,17.8333334773779,57.5333335250616,3.03333340585232
37100,0,10.8095238655806,0.809523835778236,0.809523835778236,3.9761904925108,12.642857208848,70.142857208848,0.809523835778236
37200,0,2.73333336412907,0.566666677594185,0.566666677594185,2.00000001490116,7.00000002980232,86.5666667073965,0.566666677594185
37300,0,2.03333334624767,0.200000002980232,0.200000002980232,1.33333334326744,10.1666666865349,85.8666666895151,0.200000002980232
37400,0,1.00000002980232,0.333333343267441,0.333333343267441,2.00000002980232,10,86.0000000298023,0.333333343267441
37500,0,0.583333343267441,0,0,1.08333334326744,5.75,92.5833333432674,0
37600,0,0.833333343267441,0,0,0.833333343267441,24,74.3333333432674,0
37700,0,0,0,0,0,7,60,0
37800,0,0,0,0,0,5.5,60.5,0
37900,0,0.333333343267441,0.333333343267441,0.333333343267441,0.333333343267441,6,71.3333333432674,0.333333343267441
38000,0,0,0,0,0,19.5,19.5,0
38100,0,0.142857149243355,0.142857149243355,0.142857149243355,0.142857149243355,23.6428571492434,23.6428571492434,0.142857149243355
38200,0,0,0,0,0,14,14,0
38300,0,0.142857149243355,0.142857149243355,0.142857149243355,0.142857149243355,21.1428571492434,21.1428571492434,0.142857149243355
38400,0,0,0.333333343267441,0.333333343267441,0.333333343267441,12.8333333432674,12.8333333432674,0.333333343267441
38500,0,0.785714313387871,3.21904769539833,3.21904769539833,3.21904769539833,13.6190476566553,72.7190476953983,3.21904769539833
38600,0,0.761904790997505,2.0619048178196,2.0619048178196,2.0619048178196,16.9285714626312,74.0619048178196,2.0619048178196
38700,0,1.11904765665531,2.4190476834774,2.4190476834774,2.4190476834774,18.2857143133879,70.9190476834774,2.4190476834774
38800,0,5.20238110423088,1.95238101482391,1.95238101482391,5.20238110423088,6.03571429848671,77.7023811042309,1.95238101482391
38900,0,0.833333358168602,0.16666667163372,0.16666667163372,0.833333358168602,9,88.8333333581686,0.16666667163372
39000,0,1.00000002980232,0,0,1.00000002980232,6,92.0000000298023,0
39100,0,0.333333343267441,0,0,0.333333343267441,4,95.3333333432674,0
39200,0,1.16666670143604,0.16666667163372,0.16666667163372,1.16666670143604,3,94.166666701436,0.16666667163372
39300,0,2.08333337306976,0,0,2.08333337306976,6.75,89.0833333730698,0
39400,0,0.16666667163372,0.16666667163372,0.16666667163372,0.16666667163372,8.5,90.6666666716337,0.16666667163372
39500,0,0,0,0,0,8,92,0
39600,0,0,0,0,0.333333343267441,21.3333333432674,78.3333333432674,0
39700,0,0,0,0,0.5,18,81.5,0
39800,0,0,0,0,0,19,81,0
39900,0,0,0,0,0,21.5,78.5,0
40000,0,0,0,0,0.333333343267441,49.8333333432674,49.8333333432674,0
40100,0,0,0,0,0,82,18,0
40200,0,0,0,0,0,84.5,15.5,0
40300,0,0,0,0,0,79.5,20.5,0
40400,0,0,0,0,0,81.5,18.5,0
40500,0,0,0,0,0,54,46,0
40600,0,0,0,0,0,56,44,0
40700,0,0,0,0,0,2,98,0
40800,0,0,0,0,0,1.5,98.5,0
40900,0,0,0,0,0,0,100,0
41000,0,0,0,0,0,3,97,0
41100,0,0,0,0,0,10,90,0
41200,0,0,0,0,0,9,91,0
41300,0,0,0,0,0,29,71,0
41400,0,0,0,0,0,18,82,0
41500,0,0,0,0,0,88,11,0
41600,0,0.650000005960464,0.650000005960464,0.650000005960464,0.400000005960464,90.5,2.5,0.650000005960464
41700,0,0,0,0,0,90.5,0.5,0
41800,0,0.16666667163372,0.16666667163372,0.16666667163372,0.16666667163372,60,20.1666666716337,0.16666667163372
41900,0,0.16666667163372,0.16666667163372,0.16666667163372,0.16666667163372,37,35.1666666716337,0.16666667163372
42000,0,0.866666689515114,0.866666689515114,0.866666689515114,0.866666689515114,32.6666666865349,27,0.866666689515114
42100,0,0.533333346247673,0.533333346247673,0.533333346247673,0.533333346247673,39.6666666716337,30.6666666716337,0.533333346247673
42200,0,0,0,0,0,83,0,0
42300,0,0.600000008940697,0.600000008940697,0.600000008940697,0.600000008940697,58,0,0.600000008940697
42400,0,0.200000002980232,0.200000002980232,0.200000002980232,0.200000002980232,53,0,0.200000002980232
42500,0,1.01666668057442,1.01666668057442,1.01666668057442,0.566666677594185,57.366666674614,0,1.01666668057442
42600,0,0.16666667163372,0.16666667163372,0.16666667163372,0.16666667163372,91.1666666716337,0,0.16666667163372
42700,0,0.25,0.25,0.25,0,79,1,0.25
42800,0,0,0,0,0,74,6,0
42900,0,0,0,0,0,61.5,2.5,0
43000,0,0,0,0,0,1,97,0
43100,0,0,0,0,0,3.5,95.5,0
43200,0,0.200000002980232,0.200000002980232,0.200000002980232,0,0,99.2000000029802,0.200000002980232
43300,0,0.200000002980232,0.200000002980232,0.200000002980232,0,1,98.2000000029802,0.200000002980232
43400,0,2.83333340287209,2.83333340287209,2.83333340287209,1.50000004470348,0.333333343267441,86.8333334028721,2.83333340287209
43500,0,1.88571433722973,1.88571433722973,1.88571433722973,0.785714313387871,0.785714313387871,90.8857143372297,1.88571433722973
43600,0,2.16666674613953,2.16666674613953,2.16666674613953,2.16666674613953,6.00000004470348,83.1666667461395,2.16666674613953
43700,0,6.50000022351742,6.50000022351742,6.50000022351742,6.50000022351742,11.500000089407,56.0000002235174,6.50000022351742
43800,0,6.64285737276077,6.64285737276077,6.64285737276077,6.64285737276077,13.1428572386503,53.6428573727608,6.64285737276077
43900,0,2.33809530735016,2.33809530735016,2.33809530735016,1.2380952835083,16.5714286118746,72.8380953073502,2.33809530735016
44000,0,0,0,0,0,19,81,0
44100,0,0,0,0,0,17,83,0
44200,0,0.200000002980232,0.200000002980232,0.200000002980232,0,95.7000000029802,3.5,0.200000002980232
44300,0,0.25,0.25,0.25,0,44,48,0.25
44400,0,0.25,0.25,0.25,0,52,39,0.25
44500,0,0,0,0,0,53,46,0
44600,0,0,0,0,0,54,43,0
44700,0,0,0,0,0,58.5,31.5,0
44800,0,0,0,0,0,52,27,0
44900,0,0,0,0,0,61,25,0
45000,0,0,0,0,0,11,59,0
45100,0,0,0,0,0,23.5,61.5,0
45200,0,0,0,0,0,26.5,57.5,0
45300,0,0,0,0,0,85.5,9.5,0
45400,0,0,0,0,0,72,6,0
45500,0,0,0,0,0,74,11,0
45600,0,0,0,0,0,85,11,0
45700,0,0,0,0,0,89.5,4.5,0
45800,0,0,0,0,0,76,11,0
45900,0,0,0,0,0,91,0,0
46000,0,0,0,0,0,88,0,0
46100,0,0.428571447730064,0.428571447730064,0.428571447730064,0.428571447730064,18.4285714477301,18.4285714477301,0.428571447730064
46200,0,0.45238097012043,0.45238097012043,0.45238097012043,0.45238097012043,48.9523809701204,4.78571429848671,0.45238097012043
46300,0,1.26190480589867,1.26190480589867,1.26190480589867,1.26190480589867,49.7619048058987,6.92857144773006,1.26190480589867
46400,0,7.52380979061127,7.52380979061127,7.52380979061127,7.52380979061127,7.52380979061127,2.8571429848671,7.52380979061127
46500,0,2.18571434915066,2.18571434915066,2.18571434915066,1.28571432828903,2.18571434915066,27.7857143133879,2.18571434915066
46600,0,0.700000002980232,0.700000002980232,0.700000002980232,0.200000002980232,8,22,0.700000002980232
46700,0,1.40000000596046,1.40000000596046,1.40000000596046,0.400000005960464,17,33,1.40000000596046
46800,0,0.5,0.5,0.5,0,13,43,0.5
46900,0,0.400000005960464,0.400000005960464,0.400000005960464,6.20000000298023,5,34.2000000029802,0.400000005960464
47000,0,0,0,0,7,7,61,0
47100,0,1.26666668057442,1.26666668057442,1.26666668057442,5.26666668057442,5,61.6666666716337,1.26666668057442
47200,0,1.1000000089407,1.1000000089407,1.1000000089407,5.6000000089407,2.5,57.5,1.1000000089407
47300,0,1.00000001490116,1.00000001490116,1.00000001490116,18.3333333581686,8.83333334326744,21.8333333432674,1.00000001490116
47400,0,5.28571452200413,5.28571452200413,5.28571452200413,26.2857151478529,26.2857151478529,26.2857151478529,5.28571452200413
47500,0,6.80952404439449,6.80952404439449,6.80952404439449,31.8095242530108,31.8095242530108,9.14285744726658,6.80952404439449
47600,0,4.69047635793686,4.69047635793686,4.69047635793686,36.3571432232857,36.3571432232857,8.52380980551243,4.69047635793686
47700,0,6.11904780566692,6.11904780566692,6.11904780566692,6.11904780566692,6.11904780566692,0.28571429848671,6.11904780566692
47800,0,1.78571434319019,1.78571434319019,1.78571434319019,13.7857143729925,13.7857143729925,1.28571432828903,1.78571434319019
47900,0,1.94285717606544,1.94285717606544,1.94285717606544,15.6761905103922,13.0095238387585,12.542857170105,1.94285717606544
48000,0,3.50952385365963,3.50952385365963,3.50952385365963,8.37619051337242,15.9095238447189,9.67619051039219,3.50952385365963
48100,0,1.64285716414452,1.64285716414452,1.64285716414452,17.6428571790457,22.6428571939468,12.1428571790457,1.64285716414452
48200,0,2.3500000089407,2.3500000089407,2.3500000089407,27.9000000059605,18.7000000029802,6,2.3500000089407
48300,0,2.31666670739651,2.31666670739651,2.31666670739651,20.3333333730698,19.5666667222977,11.8333333581686,2.31666670739651
48400,0,1.48333334922791,1.48333334922791,1.48333334922791,21.7000000327826,24.7000000327826,13.6666666865349,1.48333334922791
48500,0,1.49285715818405,1.49285715818405,1.49285715818405,11.0428571552038,36.1428571492434,45.8428571522236,1.49285715818405
48600,0,2.84523814916611,2.84523814916611,2.84523814916611,6.66190482676029,35.5952381640673,41.3619048297405,2.84523814916611
48700,0,1.92857149243355,1.92857149243355,1.92857149243355,13.2619048953056,66.2619048953056,12.7619048506022,1.92857149243355
48800,0,2.36666671931744,2.36666671931744,2.36666671931744,26.7000000923872,30.1666667312384,27.6666667163372,2.36666671931744
48900,0,6.37142872810364,6.37142872810364,6.37142872810364,6.37142872810364,25.5714286416769,26.5714286416769,6.37142872810364
49000,0,2.51904767751694,0.45238097012043,2.51904767751694,2.51904767751694,17.9523809850216,71.5190476775169,2.51904767751694
49100,0,1.25238098204136,0.45238097012043,1.25238098204136,1.25238098204136,6.28571429848671,50.2523809820414,1.25238098204136
49200,0,0,0,0,0,2.5,24.5,0
49300,0,0.700000002980232,0.5,0.700000002980232,0,8.20000000298023,7.20000000298023,0.700000002980232
49400,0,0.600000008940697,0.400000005960464,0.600000008940697,0,7.40000000596046,7.40000000596046,0.600000008940697
49500,0,0,0,0,0,5.5,5.5,0
49600,0,0.533333346247673,0,0.533333346247673,0,17.2000000029802,0.200000002980232,0.533333346247673
49700,0,0.583333343267441,0,0.583333343267441,0,17.25,2,0.583333343267441
49800,0,0.200000002980232,0.200000002980232,0.200000002980232,0,16.7000000029802,1.5,0.200000002980232
49900,0,0.583333343267441,0.583333343267441,0.583333343267441,0.16666667163372,25.8333333432674,3.66666667163372,0.583333343267441
50000,0,7.54285730421543,7.54285730421543,7.54285730421543,0.142857149243355,59.5428573042154,10.1428572386503,7.54285730421543
50100,0,5.78571449220181,5.78571449220181,5.78571449220181,2.28571438789368,37.2857144922018,37.2857144922018,5.78571449220181
50200,0,6.80952402949333,6.80952402949333,6.80952402949333,1.14285719394684,35.8095240294933,35.8095240294933,6.80952402949333
50300,0,2.6190477013588,2.6190477013588,2.6190477013588,0.28571429848671,44.6190477013588,44.6190477013588,2.6190477013588
50400,0,3.04761914908886,3.04761914908886,3.04761914908886,0.714285746216774,43.5476191490889,43.5476191490889,3.04761914908886
50500,0,4.64285728335381,4.64285728335381,4.64285728335381,0.142857149243355,40.6428572833538,40.6428572833538,4.64285728335381
50600,0,1.92857149243355,1.92857149243355,1.92857149243355,2.42857150733471,44.9285715520382,44.9285715520382,1.92857149243355
50700,0,2.38095246255398,2.38095246255398,2.38095246255398,1.7142857760191,44.3809524923563,44.3809524923563,2.38095246255398
50800,0,0,0,0,0,50,50,0
50900,0,0,0,0,0.333333343267441,49.8333333432674,49.8333333432674,0
51000,0,0,0,0,0,17.5,17.5,0
51100,0,0,0,0,0,21,21,0
51200,0,0,0,0,0,18.5,18.5,0
51300,0,0,0,0,0,20.5,20.5,0
51400,0,0,0,0,0,19.5,19.5,0
51500,0,0,0,0,0,16.5,16.5,0
51600,0,0,0,0,0,21,21,0
51700,0,0.16666667163372,0.16666667163372,0.16666667163372,0,17.1666666716337,17.1666666716337,0.16666667163372
51800,0,1.00000002980232,1.00000002980232,1.00000002980232,0,48.0000000298023,48.0000000298023,1.00000002980232
51900,0,1.57142862677574,1.57142862677574,1.57142862677574,0.571428596973419,46.5714286267757,46.5714286267757,1.57142862677574
52000,0,0.309523820877075,0.309523820877075,0.309523820877075,0.142857149243355,15.3095238208771,15.3095238208771,0.309523820877075
52100,0,0.309523820877075,0.309523820877075,0.309523820877075,0.142857149243355,15.8095238208771,15.8095238208771,0.309523820877075
52200,0,0.428571447730064,0.428571447730064,0.428571447730064,0.428571447730064,18.9285714477301,18.9285714477301,0.428571447730064
52300,0,0.571428596973419,0.571428596973419,0.571428596973419,0.571428596973419,21.0714285969734,21.0714285969734,0.571428596973419
52400,0,0.428571447730064,0.428571447730064,0.428571447730064,0.428571447730064,15.9285714477301,15.9285714477301,0.428571447730064
52500,0,0.142857149243355,0.142857149243355,0.142857149243355,0.142857149243355,20.1428571492434,20.1428571492434,0.142857149243355
52600,0,0.142857149243355,0.309523820877075,0.309523820877075,0.309523820877075,23.8095238208771,23.8095238208771,0.309523820877075
52700,0,0.142857149243355,0.642857164144516,0.642857164144516,0.642857164144516,19.6428571641445,19.6428571641445,0.642857164144516
52800,0,1.14285719394684,2.64285723865032,2.64285723865032,2.64285723865032,44.1428572386503,44.1428572386503,2.64285723865032
52900,0,0.392857149243355,0.476190492510796,0.476190492510796,1.72619052231312,15.2261905223131,15.2261905223131,0.476190492510796
53000,0,0.25,0,0,0.916666686534882,5.41666668653488,5.41666668653488,0
53100,0,0.892857164144516,0.70952382683754,0.70952382683754,1.62619051337242,23.6261905133724,1.7261904925108,0.70952382683754
53200,0,1.0833333581686,1.13333335518837,1.13333335518837,3.88333341479301,3.88333341479301,1.75000004470348,1.13333335518837
53300,0,1.25000002980232,0.500000014901161,0.500000014901161,4.75000007450581,4.75000007450581,1.75000004470348,0.500000014901161
53400,0,4.3571429848671,1.85714292526245,1.85714292526245,4.3571429848671,4.3571429848671,1.35714289546013,1.85714292526245
53500,0,3.20238102972507,0.785714313387871,0.785714313387871,3.20238102972507,3.20238102972507,1.03571429848671,0.785714313387871
53600,0,2.7976191341877,1.21428576111794,1.21428576111794,2.7976191341877,2.7976191341877,0.964285746216774,1.21428576111794
53700,0,4.33333349227905,4.33333349227905,4.33333349227905,4.33333349227905,4.33333349227905,2.00000008940697,4.33333349227905
53800,0,15.7857148349285,15.7857148349285,15.7857148349285,15.7857148349285,15.7857148349285,5.28571452200413,15.7857148349285
53900,0,14.2857149243355,14.2857149243355,14.2857149243355,14.2857149243355,14.2857149243355,14.2857149243355,14.2857149243355
54000,0,5.28571452200413,5.28571452200413,5.28571452200413,26.2857151478529,26.2857151478529,26.2857151478529,5.28571452200413
54100,0,5.14285737276077,5.14285737276077,5.14285737276077,26.476191341877,26.476191341877,26.476191341877,5.14285737276077
54200,0,5.14285737276077,5.14285737276077,5.14285737276077,26.476191341877,26.476191341877,26.476191341877,5.14285737276077
54300,0,5.60000014305115,5.60000014305115,5.60000014305115,58.9333336949348,9.33333364129066,9.33333364129066,5.60000014305115
54400,0,7.22857160866261,7.22857160866261,7.22857160866261,51.5619051605463,9.76190508902073,9.76190508902073,7.22857160866261
54500,0,5.58095249533653,5.58095249533653,5.58095249533653,60.4142859280109,4.04761917889118,13.2142858654261,5.58095249533653
54600,0,1.97619052231312,1.97619052231312,1.97619052231312,28.1428572386503,7.80952386558056,36.1428572237492,1.97619052231312
54700,0,2.338095292449,2.338095292449,2.338095292449,15.6714286357164,3.40476194024086,13.5714286118746,2.338095292449
54800,0,1.53333336114883,1.53333336114883,1.53333336114883,1.53333336114883,3,24.3333333432674,1.53333336114883
54900,0,0.842857167124748,0.842857167124748,0.842857167124748,0.842857167124748,2.14285714924335,44.6428571641445,0.842857167124748
55000,0,0.733333349227905,0.733333349227905,0.733333349227905,0.733333349227905,1.5,32.8333333432674,0.733333349227905
55100,0,0.642857164144516,0.642857164144516,0.642857164144516,0.642857164144516,0.142857149243355,78.6428571641445,0.642857164144516
55200,0,0.933333352208138,0.933333352208138,0.933333352208138,0.933333352208138,9.5,63.8333333432674,0.933333352208138
55300,0,0.400000005960464,0.400000005960464,0.400000005960464,0.400000005960464,16,69,0.400000005960464
55400,0,0,0,0,0,10,84,0
55500,0,0,0,0,0,12,88,0
55600,0,0,0,0,0,0,97,0
55700,0,0,0,0,0,2.5,93.5,0
55800,0,0,0,0,0,0,92,0
55900,0,0,0,0,0,7.5,86.5,0
56000,0,0,0,0,0,0.5,95.5,0
56100,0,0,0,0,0,0.5,93.5,0
56200,0,0,0,0,0.5,0.5,91,0
56300,0,0,0,0,0,2,90,0
56400,0,0.16666667163372,0.16666667163372,0.16666667163372,0,17.6666666716337,81.6666666716337,0.16666667163372
56500,0,0.200000002980232,0.200000002980232,0.200000002980232,0,21.5,77.7000000029802,0.200000002980232
56600,0,0,0,0,0,22.5,77.5,0
56700,0,0,0,0,0,16.5,83.5,0
56800,0,0,0,0,0,50,50,0
56900,0,0.500000014901161,0.500000014901161,0.500000014901161,0,49.0000000149012,49.0000000149012,0.500000014901161
57000,0,0.200000002980232,0.850000008940697,0.850000008940697,0,15.9000000059605,81.3500000089407,0.850000008940697
57100,0,0.700000017881393,2.76666671037674,2.76666671037674,1.50000002980232,13.7333333492279,75.7666667103767,2.76666671037674
57200,0,2.77142864465714,10.0547620356083,10.0547620356083,2.63809530436993,11.3714286535978,53.0547620356083,10.0547620356083
57300,0,4.10952389240265,8.8261905759573,8.8261905759573,1.70952385663986,3.87619049847126,63.8261905759573,8.8261905759573
57400,0,1.50952385365963,8.29285722970963,8.29285722970963,3.2428572177887,5.07619050145149,65.2928572297096,8.29285722970963
57500,0,0.600000008940697,0.850000008940697,0.850000008940697,0,7,89.8500000089407,0.850000008940697
57600,0,0.766666680574417,1.16666668653488,1.16666668653488,0,5.56666667759418,90.1666666865349,1.16666668653488
57700,0,0.600000008940697,2.05000001192093,2.05000001192093,0,1.70000000298023,91.5500000119209,2.05000001192093
57800,0,1.16666668653488,1.16666668653488,1.16666668653488,0,4.66666667163372,90.6666666865349,1.16666668653488
57900,0,0.966666683554649,0.966666683554649,0.966666683554649,0,9.16666667163372,86.9666666835546,0.966666683554649
58000,0,1.76666671037674,1.76666671037674,1.76666671037674,1.00000002980232,5.66666667163372,86.2666667103767,1.76666671037674
58100,0,0.366666674613953,0.366666674613953,0.366666674613953,0,3.66666667163372,51.866666674614,0.366666674613953
58200,0,0.16666667163372,0.16666667163372,0.16666667163372,0.16666667163372,5.5,56.6666666716337,0.16666667163372
58300,0,0.73809526860714,0.73809526860714,0.73809526860714,0.73809526860714,5.57142859697342,54.7380952686071,0.73809526860714
58400,0,0.61904764175415,0.61904764175415,0.61904764175415,0.61904764175415,3.28571429848671,53.6190476417542,0.61904764175415
58500,0,0.142857149243355,0.142857149243355,0.142857149243355,0.142857149243355,17.1428571492434,17.1428571492434,0.142857149243355
58600,0,0,0,0,0,19.5,19.5,0
58700,0,0.142857149243355,0.142857149243355,0.142857149243355,0.142857149243355,13.6428571492434,13.6428571492434,0.142857149243355
58800,0,0.142857149243355,0.142857149243355,0.142857149243355,0.142857149243355,18.1428571492434,18.1428571492434,0.142857149243355
58900,0,0.28571429848671,0.28571429848671,0.28571429848671,0.28571429848671,49.2857142984867,49.2857142984867,0.28571429848671
59000,0,1.14285719394684,1.14285719394684,1.14285719394684,1.14285719394684,47.1428571939468,47.1428571939468,1.14285719394684
59100,0,2.61904771625996,2.61904771625996,2.61904771625996,2.61904771625996,75.11904771626,11.7857143431902,2.61904771625996
59200,0,0.976190507411957,0.976190507411957,0.976190507411957,4.14285719394684,87.6428571939468,4.30952383577824,0.976190507411957
59300,0,0.333333343267441,0.333333343267441,0.333333343267441,10.8333333432674,66.8333333432674,15,0.333333343267441
59400,0,1.56666667759418,1.56666667759418,1.56666667759418,20.7000000178814,1.00000001490116,6.03333334624767,1.56666667759418
59500,0,1.16666668653488,1.16666668653488,0,7.83333334326744,19.8333333432674,14.8333333432674,1.16666668653488
59600,0,3.03333340585232,3.03333340585232,0.450000002980232,1.83333334326744,21.0833333432674,16.5333333462477,3.03333340585232
59700,0,1.50000002980232,1.50000002980232,0.25,10.0000000298023,28.2500000298023,15.0000000298023,1.50000002980232
59800,0,0.783333346247673,0.783333346247673,0.450000002980232,6.66666668653488,28.6666666865349,20.8666666895151,0.783333346247673
59900,0,1.36666668951511,1.36666668951511,0.700000002980232,6.33333337306976,23.53333337605,33.3333333730698,1.36666668951511
60000,0,0,0,0,0,3,78,0
60100,0,0.450000002980232,0.450000002980232,0,0,5.70000000298023,58.9500000029802,0.450000002980232
60200,0,1.30000002682209,1.30000002682209,0.500000014901161,1.33333337306976,47.1333333998919,47.1333333998919,1.30000002682209
60300,0,1.42857146263123,1.42857146263123,0.428571447730064,4.09523822367191,45.5952382385731,45.5952382385731,1.42857146263123
60400,0,2.60000006854534,2.60000006854534,1.00000004470348,2.00000007450581,44.6000000983477,44.6000000983477,2.60000006854534
60500,0,6.83333346247673,6.83333346247673,1.83333338797092,0,38.8333334624767,38.8333334624767,6.83333346247673
60600,0,1.76666671037674,1.76666671037674,1.16666670143604,0,78.7666667103767,14.7666667103767,1.76666671037674
60700,0,0.566666677594185,0.566666677594185,0.16666667163372,0,81.5666666775942,16.5666666775942,0.566666677594185
60800,0,4.30000008642673,4.30000008642673,1.50000004470348,0,71.8000000864267,13.8000000864267,4.30000008642673
60900,0,1.06666669249535,1.06666669249535,1.06666669249535,0,65.0666666924953,2.66666668653488,1.06666669249535
61000,0,0.16666667163372,0.16666667163372,0.16666667163372,0,76.1666666716337,2.16666667163372,0.16666667163372
61100,0,0,0,0,0,63.5,9.5,0
61200,0,0,0,0,0,60,10,0
61300,0,0,0,0,0,50.5,9.5,0
61400,0,0,0,0,0,30.5,18.5,0
61500,0,0,0,0,0,28.5,17.5,0
61600,0,0,0,0,1,29.5,16.5,0
61700,0,0,0,0,0,8,54,0
61800,0,0,0,0,1,69,18,0
61900,0,0,0.16666667163372,0.16666667163372,0.500000014901161,95.0000000149012,4.00000001490116,0.16666667163372
62000,0,0,0,0.333333343267441,0.833333343267441,94.8333333432674,4,0
62100,0,0.16666667163372,0.16666667163372,0.16666667163372,0.66666667163372,96.6666666716337,2,0.16666667163372
62200,0,0.16666667163372,0.16666667163372,0.16666667163372,1.16666667163372,98.1666666716337,0,0.16666667163372
62300,0,0.16666667163372,0.16666667163372,0.16666667163372,0.16666667163372,98.1666666716337,1,0.16666667163372
62400,0,0.333333343267441,0.333333343267441,0.333333343267441,0.333333343267441,97.8333333432674,0.5,0.333333343267441
62500,0,0,0,0,0,99.5,0.5,0
62600,0,0.766666680574417,0.766666680574417,0.766666680574417,0.766666680574417,77.6666666716337,15.5,0.766666680574417
62700,0,0.542857155203819,0.542857155203819,0.542857155203819,0.542857155203819,58.6428571492434,33.6428571492434,0.542857155203819
62800,0,0.333333343267441,0.333333343267441,0.333333343267441,0.333333343267441,71.6666666716337,25.6666666716337,0.333333343267441
62900,0,0,0,0,0,49,50,0
63000,0,1.2095238417387,1.2095238417387,1.2095238417387,0.476190492510796,52.9761904925108,37.7095238417387,1.2095238417387
63100,0,7.19047637283802,7.19047637283802,7.19047637283802,2.35714294016361,11.6904762834311,57.190476372838,7.19047637283802
63200,0,6.39047636091709,6.39047636091709,6.39047636091709,2.85714295506477,14.6904762685299,56.8904763609171,6.39047636091709
63300,0,2.90952387452126,2.90952387452126,2.90952387452126,1.47619050741196,18.8095238655806,68.0761905610561,2.90952387452126
63400,0,3.77619054913521,3.77619054913521,3.77619054913521,1.47619050741196,77.4428572356701,5.97619052231312,3.77619054913521
63500,0,2.53333337605,2.53333337605,2.53333337605,3.16666668653488,78.7000000625849,8.00000002980232,2.53333337605
63600,0,7.63333347439766,7.63333347439766,7.63333347439766,5.50000004470348,60.6333334743977,3.33333334326744,7.63333347439766
63700,0,7.00952395796776,7.00952395796776,7.00952395796776,14.1428572684526,52.0095240175724,5.80952389538288,7.00952395796776
63800,0,5.39523822069168,5.39523822069168,5.39523822069168,12.0952381789684,60.0619049072266,6.26190482079983,5.39523822069168
63900,0,0.600000008940697,0.600000008940697,0.600000008940697,1.33333334326744,92.4333333522081,3.83333334326744,0.600000008940697
64000,0,0.200000002980232,0.200000002980232,0.200000002980232,0.5,96.7000000029802,2,0.200000002980232
64100,0,0.45238097012043,0.45238097012043,0.45238097012043,2.45238099992275,91.9523809999228,3.78571432828903,0.45238097012043
64200,0,0.16666667163372,0.16666667163372,0.16666667163372,0.333333343267441,79.0000000149012,20.0000000149012,0.16666667163372
64300,0,0,0,0,0.666666686534882,79.6666666865349,19.6666666865349,0
64400,0,0.142857149243355,0.142857149243355,0.142857149243355,1.14285717904568,79.1428571790457,19.1428571790457,0.142857149243355
64500,0,0,0,0,1.00000002980232,82.0000000298023,17.0000000298023,0
64600,0,0.45238097012043,0.45238097012043,0.45238097012043,0.61904764175415,82.2857143133879,15.2857143133879,0.45238097012043
64700,0,1.85714292526245,1.85714292526245,1.85714292526245,5.19047635793686,43.6904763877392,43.6904763877392,1.85714292526245
64800,0,1.40476195514202,1.40476195514202,1.40476195514202,11.9047622680664,41.238095626235,41.238095626235,1.40476195514202
64900,0,6.09523831307888,6.09523831307888,6.09523831307888,2.42857153713703,36.5952383130789,36.5952383130789,6.09523831307888
65000,0,5.00000022351742,5.00000022351742,5.00000022351742,5.00000022351742,37.5000002235174,37.5000002235174,5.00000022351742
65100,0,6.71428601443768,6.71428601443768,6.71428601443768,6.71428601443768,33.2142860144377,33.2142860144377,6.71428601443768
65200,0,5.57142882049084,5.57142882049084,5.57142882049084,5.57142882049084,36.0714288204908,36.0714288204908,5.57142882049084
65300,0,7.47619074583054,7.47619074583054,7.47619074583054,7.47619074583054,12.6428572833538,49.9761907458305,7.47619074583054
65400,0,2.66666674613953,2.66666674613953,2.66666674613953,2.66666674613953,0.5,86.1666667461395,2.66666674613953
65500,0,0.833333358168602,0.833333358168602,0.833333358168602,0.833333358168602,1.5,94.3333333581686,0.833333358168602
65600,0,0.833333358168602,0.833333358168602,0.833333358168602,1.66666670143604,2.33333334326744,92.666666701436,0.833333358168602
65700,0,1.36666668951511,1.36666668951511,1.36666668951511,24.8666666895151,3.5,43.1666666716337,1.36666668951511
65800,0,0.566666677594185,0.566666677594185,0.566666677594185,24.5666667073965,4.66666670143604,52.5000000298023,0.566666677594185
65900,0,0.200000002980232,0.200000002980232,0.200000002980232,17.7000000029802,3,64.5,0.200000002980232
66000,0,0.566666677594185,0.566666677594185,0.566666677594185,15.0666667073965,4.16666670143604,63.5000000298023,0.566666677594185
66100,0,0.16666667163372,0.16666667163372,0.16666667163372,13.166666701436,9.50000002980232,60.666666701436,0.16666667163372
66200,0,0.566666677594185,0.566666677594185,0.566666677594185,18.7333334237337,53.8333334177732,23.1666667461395,0.566666677594185
66300,0,0.366666674613953,0.366666674613953,0.366666674613953,21.2000000476837,64.0000000447035,9.33333337306976,0.366666674613953
66400,0,1.00000001490116,1.00000001490116,1.00000001490116,16.8333333581686,62.8333333432674,4.33333334326744,1.00000001490116
66500,0,1.17619051039219,1.17619051039219,1.17619051039219,9.67619056999683,56.4761905521154,17.1428572237492,1.17619051039219
66600,0,0,0,0,3.33333334326744,72.3333333432674,1.33333334326744,0
66700,0,0.766666680574417,0.766666680574417,0.766666680574417,26.7666666805744,32.1666666716337,1,0.766666680574417
66800,0,0.566666677594185,0.566666677594185,0.566666677594185,29.9000000208616,28.8333333432674,1.00000001490116,0.566666677594185
66900,0,0.25,0.25,0.25,15.3333333432674,52.8333333432674,4.83333334326744,0.25
67000,0,0,0,0,18.5000000298023,54.5000000298023,6.00000002980232,0
67100,0,0.850000008940697,0.850000008940697,0.850000008940697,16.7333333492279,26.5333333462477,7.33333334326744,0.850000008940697
67200,0,1.47619050741196,1.47619050741196,1.47619050741196,21.5428571850061,19.3428571820259,15.2095238417387,1.47619050741196
67300,0,0.542857155203819,0.542857155203819,0.542857155203819,22.8428571820259,5.14285717904568,4.84285718202591,0.542857155203819
67400,0,0.509523823857307,0.509523823857307,0.509523823857307,29.8428571522236,0.809523820877075,15.3095238208771,0.509523823857307
67500,0,2.12857146561146,2.12857146561146,2.12857146561146,15.2952381670475,6.09523817896843,6.09523817896843,2.12857146561146
67600,0,0.142857149243355,0.142857149243355,0.142857149243355,5.4761904925108,5.9761904925108,5.9761904925108,0.142857149243355
67700,0,0,0,0,4.66666668653488,6.66666668653488,6.66666668653488,0
67800,0,0.200000002980232,0.200000002980232,0.200000002980232,1.20000000298023,6,6,0.200000002980232
67900,0,0,0,0,0,10,10,0
68000,0,0,0,0,0,37.5,2.5,0
68100,0,0,0,0,0,81,19,0
68200,0,0,0,0,0,84,16,0
68300,0,0,0,0,0,75,25,0
68400,0,0,0,0,0,76,24,0
68500,0,0,0,0,0,79,21,0
68600,0,0,0,0,0,81,19,0
68700,0,0,0,0,0,81,19,0
68800,0,0,0,0,0,50,50,0
68900,0,0,0,0,0,20.5,79.5,0
69000,0,0,0,0,0,6.5,93.5,0
69100,0,0,0,0,0,4.5,95.5,0
69200,0,0,0,0,0,1,99,0
69300,0,0,0,0,0,2,98,0
69400,0,0,0,0,0,1,99,0
69500,0,0,0,0,0,0.5,99.5,0
69600,0,0,0,0,0,0,100,0
69700,0,0,0,0,0,0,100,0
69800,0,0,0,0,0,8.5,91.5,0
69900,0,0,0,0,0,46.5,53.5,0
70000,0,0,0,0,0,46,52,0
70100,0,0,0,0,0,59,40,0
70200,0,0,0,0,0,45,51,0
70300,0,0,0,0,0,43,56,0
70400,0,0,0,0,0,46,49,0
70500,0,0,0,0,0,74,21,0
70600,0,0.5,0,0,0,45.5,47,0
70700,0,0,0,0,0,2,77,0
70800,0,0.200000002980232,0.200000002980232,0.200000002980232,0,6.5,92.7000000029802,0.200000002980232
70900,0,0.5,0,0,0,3.5,96,0
71000,0,0.5,0,0,1.50000002980232,5.50000002980232,92.5000000298023,0
71100,0,1.33333337306976,0,0,0.666666686534882,17.5000000596046,80.5000000596046,0
71200,0,1.00000002980232,0.333333343267441,0.333333343267441,2.50000002980232,20.6666667163372,36.8333333730698,0.333333343267441
71300,0,0.666666686534882,0,0,1.33333334326744,54.1666666865349,20.8333333432674,0
71400,0,0.333333343267441,0.333333343267441,0.333333343267441,0.16666667163372,55.3333333432674,18.1666666716337,0.333333343267441
71500,0,0.200000002980232,0.200000002980232,0.200000002980232,0,55.7000000029802,11.5,0.200000002980232
71600,0,0,0,0,0.5,30.5,26,0
71700,0,0.75,0.75,0.75,0,31,3,0.75
71800,0,0,0,0,0,26.5,3.5,0
71900,0,0.25,0.25,0.25,0,18,3,0.25
72000,0,0,0,0,0,28,11,0
72100,0,0.533333346247673,0.533333346247673,0.533333346247673,0,6.83333334326744,8.03333334624767,0.533333346247673
72200,0,0.16666667163372,0.16666667163372,0.16666667163372,0.16666667163372,9.16666667163372,4,0.16666667163372
72300,0,0,0,0,0,0,2,0
72400,0,0.571428596973419,0.571428596973419,0.571428596973419,0.571428596973419,0.571428596973419,0.571428596973419,0.571428596973419
72500,0,0.28571429848671,0.28571429848671,0.28571429848671,0.28571429848671,0.28571429848671,0.28571429848671,0.28571429848671
72600,0,0.309523820877075,0.309523820877075,0.309523820877075,0.309523820877075,0.142857149243355,0.309523820877075,0.309523820877075
72700,0,0,0,0,0.333333343267441,0.333333343267441,0.333333343267441,0
72800,0,0,0,0,0.5,0,0.5,0
72900,0,0,0,0,0.5,1,25.5,0
73000,0,0,0,0,0,0,28,0
73100,0,0,0,0,0.333333343267441,1.83333334326744,72.8333333432674,0
73200,0,0.200000002980232,0.200000002980232,0.200000002980232,0,3.5,73.7000000029802,0.200000002980232
73300,0,0,0,0,0,9.5,90.5,0
73400,0,0.5,0,0,0,5.5,94,0
73500,0,0.700000002980232,0.200000002980232,0.200000002980232,0,3.5,74.2000000029802,0.200000002980232
73600,0,0.366666674613953,0.366666674613953,0.366666674613953,0,9.66666667163372,57.866666674614,0.366666674613953
73700,0,1.1000000089407,0.600000008940697,0.600000008940697,0,3,25.1000000089407,0.600000008940697
73800,0,2.20000003278255,0.533333346247673,0.533333346247673,0.333333343267441,2.16666668653488,18.7000000327826,0.533333346247673
73900,0,0.566666677594185,0.566666677594185,0.566666677594185,0,2.16666667163372,22.5666666775942,0.566666677594185
74000,0,0.509523823857307,0.509523823857307,0.509523823857307,0.142857149243355,1.30952382087708,42.5095238238573,0.509523823857307
74100,0,0.566666677594185,0.566666677594185,0.566666677594185,0,0.66666667163372,52.0666666775942,0.566666677594185
74200,0,0.400000005960464,0.400000005960464,0.400000005960464,0,4.5,30.9000000059605,0.400000005960464
74300,0,0.566666677594185,0.566666677594185,0.566666677594185,0,6.16666667163372,60.5666666775942,0.566666677594185
74400,0,0,0,0,0,9,64,0
74500,0,0,0,0,0,53,47,0
74600,0,0,0,0,0,55.5,44.5,0
74700,0,0,0,0,0,49.5,49.5,0
74800,0,0,0,0,0,81.5,18.5,0
74900,0,0,0,0,0,61.5,7.5,0
75000,0,0,0,0,0,56,8,0
75100,0,0,0,0,0,59,6,0
75200,0,0,0,0,0,64,8,0
75300,0,0.142857149243355,0.142857149243355,0.142857149243355,0.142857149243355,16.6428571492434,16.6428571492434,0.142857149243355
75400,0,0.28571429848671,0.28571429848671,0.28571429848671,0.28571429848671,7.28571429848671,7.28571429848671,0.28571429848671
75500,0,0,0.16666667163372,0.16666667163372,0.16666667163372,8.66666667163372,8.66666667163372,0.16666667163372
75600,0,0,0.333333343267441,0.333333343267441,0.333333343267441,5.33333334326744,5.33333334326744,0.333333343267441
75700,0,0.428571447730064,1.09523813426495,1.09523813426495,1.09523813426495,17.5952381342649,17.5952381342649,1.09523813426495
75800,0,0.785714313387871,1.51904766261578,1.51904766261578,1.51904766261578,51.0190476626158,5.11904764175415,1.51904766261578
75900,0,0.761904790997505,1.79523815214634,1.79523815214634,1.79523815214634,40.7952381521463,5.26190480589867,1.79523815214634
76000,0,1.38095243275166,3.71428580582142,3.71428580582142,3.71428580582142,3.71428580582142,1.04761908948421,3.71428580582142
76100,0,1.28571432828903,2.71904769539833,2.71904769539833,2.71904769539833,2.71904769539833,1.11904765665531,2.71904769539833
76200,0,2.67619054019451,8.27619059383869,8.27619059383869,1.00952383875847,8.27619059383869,4.20952390134335,8.27619059383869
76300,0,6.29523824155331,6.29523824155331,6.29523824155331,0.928571462631226,6.29523824155331,2.59523817896843,6.29523824155331
76400,0,2.30000004172325,2.30000004172325,2.30000004172325,3.1666667163372,29.633333414793,5.00000004470348,2.30000004172325
76500,0,2.83333338797092,2.83333338797092,2.83333338797092,2.50000001490116,35.6666667312384,3.50000002980232,2.83333338797092
76600,0,2.92857152223587,2.92857152223587,2.92857152223587,1.42857147753239,11.9285715520382,11.9285715520382,2.92857152223587
76700,0,2.64285722374916,2.64285722374916,2.64285722374916,2.142857208848,13.6428572833538,13.6428572833538,2.64285722374916
76800,0,7.78571453690529,7.78571453690529,7.78571453690529,3.28571440279484,32.7857145965099,32.7857145965099,7.78571453690529
76900,0,2.17619052529335,2.17619052529335,2.17619052529335,1.97619050741196,6.30952383577824,42.0095238685608,2.17619052529335
77000,0,2.76190485060215,2.76190485060215,2.76190485060215,11.2619049102068,2.42857150733471,11.2619049102068,2.76190485060215
77100,0,1.59523814916611,1.59523814916611,1.59523814916611,15.5952382981777,5.42857159674168,15.5952382981777,1.59523814916611
77200,0,6.10952395200729,6.10952395200729,6.10952395200729,6.10952395200729,1.14285719394684,2.30952389538288,6.10952395200729
77300,0,8.7666667252779,8.7666667252779,8.7666667252779,0.400000005960464,0.666666686534882,2.86666671931744,8.7666667252779
77400,0,9.52619053423405,9.52619053423405,9.52619053423405,0.142857149243355,0.976190507411957,2.77619053423405,9.52619053423405
77500,0,4.35000003874302,4.35000003874302,4.35000003874302,0.200000002980232,6.00000002980232,18.4000000357628,4.35000003874302
77600,0,4.4333333671093,4.4333333671093,4.4333333671093,0,1.83333334326744,20.4333333671093,4.4333333671093
77700,0,8.78333342075348,8.78333342075348,8.78333342075348,0.200000002980232,11.8333334177732,11.8333334177732,8.78333342075348
77800,0,7.04285718500614,7.04285718500614,7.04285718500614,0.542857155203819,6.14285717904568,6.14285717904568,7.04285718500614
77900,0,26,2,2,0,2,2,2
78000,0,16.4166666865349,1.75,1.75,0,11.1666666865349,2.16666668653488,1.75
78100,0,9.75,0.25,0.25,16,13,1.5,0.25
78200,0,0.676190495491028,0.342857152223587,0.342857152223587,18.676190495491,20.4761904925108,2.14285714924335,0.342857152223587
78300,0,1.36666668951511,0.200000002980232,0.200000002980232,12.3666666895151,14.6666666865349,1,0.200000002980232
78400,0,1.73333336412907,0.566666677594185,0.566666677594185,13.7333333641291,13.8333333581686,1,0.566666677594185
78500,0,0.333333343267441,0,0,6.33333334326744,5.33333334326744,0,0
78600,0,0.333333343267441,0,0,2.33333334326744,6.33333334326744,1,0
78700,0,0.200000002980232,0.200000002980232,0.200000002980232,5.70000000298023,18.5,1,0.200000002980232
78800,0,0.142857149243355,0.142857149243355,0.142857149243355,0.476190492510796,32.4761904925108,5.4761904925108,0.142857149243355
78900,0,0.642857164144516,0.642857164144516,0.642857164144516,0.642857164144516,48.1428571641445,0.642857149243355,0.642857164144516
79000,0,0.933333352208138,0.933333352208138,0.933333352208138,0.333333343267441,29.9333333522081,2,0.933333352208138
79100,0,1.59523813426495,1.59523813426495,1.59523813426495,0.428571447730064,1.59523813426495,0.595238119363785,1.59523813426495
79200,0,2.95238101482391,2.95238101482391,2.95238101482391,0.785714313387871,2.95238101482391,0.45238097012043,2.95238101482391
79300,0,5.06666676700115,5.06666676700115,5.06666676700115,1.00000002980232,5.06666676700115,0.666666686534882,5.06666676700115
79400,0,6.75238110125065,6.75238110125065,6.75238110125065,2.78571437299252,69.7523811012506,0.45238097012043,6.75238110125065
79500,0,7.90000016987324,7.90000016987324,7.90000016987324,3.50000010430813,63.9000001698732,1,7.90000016987324
79600,0,2.90952387452126,2.90952387452126,2.90952387452126,4.14285717904568,83.9095238745213,0.309523820877075,2.90952387452126
79700,0,1.63333337008953,1.63333337008953,1.63333337008953,5.66666668653488,84.6333333700895,3.16666667163372,1.63333337008953
79800,0,0.500000014901161,0.500000014901161,0.500000014901161,10.0000000149012,80.0000000149012,1,0.500000014901161
79900,0,1.66666670143604,1.66666670143604,1.66666670143604,13.666666701436,64.1666666865349,1.5,1.66666670143604
80000,0,1.13333335518837,1.13333335518837,1.13333335518837,6.13333335518837,38.8333333432674,0.5,1.13333335518837
80100,0,0,0,0,1,68.5,0.5,0
80200,0,0.16666667163372,0.16666667163372,0.16666667163372,4.66666667163372,51.6666666716337,0,0.16666667163372
80300,0,0.200000002980232,0.200000002980232,0.200000002980232,4.20000000298023,49,0,0.200000002980232
80400,0,0.933333352208138,0.933333352208138,0.933333352208138,0.933333352208138,26.1666666716337,9.16666667163372,0.933333352208138
80500,0,1.3333333581686,1.3333333581686,1.3333333581686,1.3333333581686,24.6666666716337,6.66666667163372,1.3333333581686
80600,0,1.54285718500614,1.54285718500614,1.54285718500614,1.54285718500614,11.976190507412,5.30952382087708,1.54285718500614
80700,0,0.566666677594185,0.566666677594185,0.566666677594185,0.566666677594185,17.6666666716337,2.5,0.566666677594185
80800,0,0.366666674613953,0.366666674613953,0.366666674613953,0.366666674613953,20.1666666716337,0,0.366666674613953
80900,0,3.25000001490116,3.25000001490116,3.25000001490116,0,0.800000011920929,0.200000002980232,3.25000001490116
81000,0,3.15000002086163,3.15000002086163,3.15000002086163,0,1.20000001788139,0.200000002980232,3.15000002086163
81100,0,5.15000002086163,5.15000002086163,5.15000002086163,0,1.40000002086163,0,5.15000002086163
81200,0,2.40000003576279,2.40000003576279,2.40000003576279,0,2.40000003576279,0,2.40000003576279
81300,0,0.800000011920929,0.800000011920929,0.800000011920929,0,23.8000000119209,0,0.800000011920929
81400,0,1.20000001788139,1.20000001788139,1.20000001788139,0,74.2000000178814,1,1.20000001788139
81500,0,0.400000005960464,0.400000005960464,0.400000005960464,0,45.9000000059605,0.5,0.400000005960464
81600,0,1.86666667461395,1.86666667461395,1.86666667461395,0,27.866666674614,1.66666667163372,1.86666667461395
81700,0,0.25,0.25,0.25,0,21,1,0.25
81800,0,0,0,0,0,4,4,0
81900,0,0.5,0.5,0.5,0,17,0,0.5
82000,0,0.200000002980232,0.200000002980232,0.200000002980232,0,29.2000000029802,2,0.200000002980232
82100,0,0.25,0.25,0.25,0,27.5,0.5,0.25
82200,0,1.11666667461395,1.11666667461395,1.11666667461395,0,18.366666674614,0.16666667163372,1.11666667461395
82300,0,5.23333336412907,5.23333336412907,5.23333336412907,0,19.2333333641291,1.83333334326744,5.23333336412907
82400,0,1.3333333581686,1.3333333581686,1.3333333581686,0,66.8333333581686,3.83333334326744,1.3333333581686
82500,0,8.66666680574417,8.66666680574417,8.66666680574417,0,60.6666668057442,4.66666668653488,8.66666680574417
82600,0,2.96666671335697,2.96666671335697,2.96666671335697,0,79.966666713357,8.16666667163372,2.96666671335697
82700,0,0,0,0,0,56,7,0
82800,0,0,0,0,0,11,11,0
82900,0,0.16666667163372,0.16666667163372,0.16666667163372,0,18.6666666716337,18.6666666716337,0.16666667163372
83000,0,0,0,0,0,19,19,0
83100,0,0,0,0,0,17,17,0
83200,0,0,0,0,0,20.5,20.5,0
83300,0,0,0,0,0,21,21,0
83400,0,0,0,0,0,19,19,0
83500,0,0,0,0,0,50,50,0
83600,0,0,0,0,0.666666686534882,49.6666666865349,49.6666666865349,0
83700,0,0,0,0,0,50,50,0
83800,0,0,0,0,0,50,50,0
83900,0,0,0,0,0,50,50,0
84000,0,0,0,0,0,50,50,0
84100,0,0.16666667163372,0.366666674613953,0.366666674613953,0.333333343267441,49.2000000178814,49.2000000178814,0.366666674613953
84200,0,0.333333343267441,0.333333343267441,0.333333343267441,0.333333343267441,17.6666666865349,17.6666666865349,0.333333343267441
84300,0,1.38095243275166,1.38095243275166,1.38095243275166,0.714285746216774,18.3809524327517,18.3809524327517,1.38095243275166
84400,0,0,0,0,0,6.5,6.5,0
84500,0,0.142857149243355,0.142857149243355,0.142857149243355,0.142857149243355,6.64285714924335,6.64285714924335,0.142857149243355
84600,0,0,0,0,0,27.5,3.5,0
84700,0,0,0,0,0,32.5,2.5,0
84800,0,0,0,0,0,35,4,0
84900,0,0,0,0,0,43.5,2.5,0
85000,0,0.16666667163372,0.16666667163372,0.16666667163372,0.16666667163372,58.6666666716337,6.5,0.16666667163372
85100,0,0,0,0,0,55.5,7.5,0
85200,0.142857149243355,0.476190492510796,0.476190492510796,0.476190492510796,0.476190492510796,77.9761904925108,19.5,0.476190492510796
85300,0,0.666666686534882,0.666666686534882,0.666666686534882,0.666666686534882,88.1666666865349,8.5,0.666666686534882
85400,0,0.142857149243355,0.142857149243355,0.142857149243355,0.142857149243355,93.1428571492434,6.14285714924335,0.142857149243355
85500,1.5,0.533333346247673,0.533333346247673,0.533333346247673,0.333333343267441,89.5333333462477,6.5,0.533333346247673
85600,0,0.142857149243355,0.142857149243355,0.142857149243355,0.142857149243355,93.1428571492434,6.14285714924335,0.142857149243355
85700,1,0.366666674613953,0.366666674613953,0.366666674613953,1.00000001490116,88.7000000178814,7.83333334326744,0.366666674613953
85800,0,0.600000008940697,0.600000008940697,0.600000008940697,0.833333343267441,88.9333333522081,7.83333334326744,0.600000008940697
85900,0.5,0.600000008940697,0.600000008940697,0.600000008940697,0.333333343267441,89.4333333522081,7.33333334326744,0.600000008940697
86000,0.5,0.16666667163372,0.16666667163372,0.16666667163372,0,92.6666666716337,6.16666667163372,0.16666667163372
86100,3.14285717904568,0.676190495491028,0.676190495491028,0.676190495491028,0,73.1761905252934,20.9761905223131,0.676190495491028
86200,2.25000005960464,0.476190492510796,0.476190492510796,0.476190492510796,1.05952383577824,47.3928572386503,47.3928572386503,0.476190492510796
86300,0,0.500000014901161,0.500000014901161,0.500000014901161,0.333333343267441,48.8333333581686,48.8333333581686,0.500000014901161
86400,0.333333343267441,0.142857149243355,0.142857149243355,0.142857149243355,0.142857149243355,49.4761904925108,49.4761904925108,0.142857149243355
86500,0,0.16666667163372,0.16666667163372,0.16666667163372,0,49.6666666716337,49.6666666716337,0.16666667163372
86600,0,0.400000005960464,0.400000005960464,0.400000005960464,0,23,75.4000000059605,0.400000005960464
86700,0,0.700000017881393,0.700000017881393,0.700000017881393,0,20.5000000149012,76.7000000178814,0.700000017881393
86800,1.5,0.700000002980232,0.700000002980232,0.700000002980232,0,9.5,53.2000000029802,0.700000002980232
86900,0,0.25,0.5,0.5,0,3.5,71.75,0.5
87000,1,0,0,0,0,0,84,0
87100,2.5,0,0,0,0,0.5,76,0
87200,3.5,0,0,0,0,0,61.5,0
87300,11.5,0,0.333333343267441,0.333333343267441,0,0,51.5,0.333333343267441
87400,0.5,0,0,0,0,0.5,37,0
87500,0,0,0,0,0,0,27,0
87600,0,0,0,0,0,0,40,0
87700,0,0,0,0,0,0,28,0
87800,0,0,0,0,1,9.5,16.5,0
87900,0,0,0,0,1.5,26,28.5,0
88000,0,0,0,0,10,33,28,0
88100,0,0,0,0,7,26.5,43.5,0
88200,0,0,0,0,1,12,19,0
88300,0,0,0,0,3,20.5,22.5,1
88400,0,0,0,0,19.5,7.5,8,0
88500,0,0,0,0,21.8333333432674,0.833333343267441,0.333333343267441,0
88600,0,0,0,0,10,0,0,0
88700,0,0,0,0,5.5,1.5,19,0
88800,0,0,0,0,14.3333333432674,0.833333343267441,11.8333333432674,0
88900,0,0,0,0,10.5,0.5,18,0
89000,0,0.533333346247673,0.533333346247673,0.533333346247673,17.8333333730698,11.3333333730698,58.7000000327826,0.533333346247673
89100,0,0,0,0,18.3333333432674,3.33333334326744,74.3333333432674,0
89200,0,1.25000001490116,1.25000001490116,1.25000001490116,19.4000000059605,2.20000000298023,67.4000000059605,1.25000001490116
89300,0,0.983333349227905,0.983333349227905,0.983333349227905,19.0666666775942,3.16666667163372,64.8333333432674,0.983333349227905
89400,0,3.18571434915066,3.18571434915066,3.18571434915066,5.95238097012043,0.61904764175415,80.6857143491507,3.18571434915066
89500,0,18.3904765844345,18.3904765844345,18.3904765844345,5.35714302957058,2.69047628343105,18.3904765844345,18.3904765844345
89600,0,17.6666671037674,17.6666671037674,17.6666671037674,5.5000001937151,6.16666688024998,17.6666671037674,17.6666671037674
89700,0,17.0619052350521,17.0619052350521,17.0619052350521,7.09523835778236,7.59523837268353,17.0619052350521,17.0619052350521
89800,0,15.88095292449,15.88095292449,15.88095292449,15.88095292449,4.71428592503071,15.88095292449,15.88095292449
89900,0,14.2857149243355,14.2857149243355,14.2857149243355,14.2857149243355,14.2857149243355,14.2857149243355,14.2857149243355
90000,0,14.2857149243355,14.2857149243355,14.2857149243355,14.2857149243355,14.2857149243355,14.2857149243355,14.2857149243355
90100,0,15.7857148349285,15.7857148349285,15.7857148349285,15.7857148349285,15.7857148349285,5.28571452200413,15.7857148349285
90200,0,17.7142861485481,17.7142861485481,17.7142861485481,5.38095256686211,17.7142861485481,6.04761925339699,17.7142861485481
90300,0,17.8142861425877,17.8142861425877,17.8142861425877,4.71428588032722,17.8142861425877,6.21428592503071,17.8142861425877
90400,0,6.76666682958603,6.76666682958603,6.76666682958603,15.0000001788139,46.6000002622604,11.3333335071802,6.76666682958603
90500,0,0.909523829817772,0.909523829817772,0.909523829817772,6.47619053721428,81.076190546155,8.80952386558056,0.909523829817772
90600,0,0.333333343267441,0.333333343267441,0.333333343267441,5.83333338797092,85.5000000596046,7.33333338797092,0.333333343267441
90700,0,0,0,0,1.16666668653488,89.6666666865349,9.16666668653488,0
90800,0,0,0,0,0,93.5,6.5,0
90900,0,0.16666667163372,0.16666667163372,0.16666667163372,0.333333343267441,80.0000000149012,19.0000000149012,0.16666667163372
91000,0,0,0,0,0.333333343267441,78.8333333432674,20.8333333432674,0
91100,0,0,0,0,0,74,26,0
91200,0,0,0,0,0,54.5,45.5,0
91300,0,0.200000002980232,0.200000002980232,0.200000002980232,0.333333343267441,16.3333333432674,82.5333333462477,0.200000002980232
91400,0,0.366666674613953,0.366666674613953,0.366666674613953,0,14.6666666716337,83.866666674614,0.366666674613953
91500,0,0.600000008940697,0.600000008940697,0.600000008940697,1,5.5,91.1000000089407,0.600000008940697
91600,0,0,0,0,1,1.5,77.5,0
91700,0,0.366666674613953,0.366666674613953,0.366666674613953,0.333333343267441,2.50000001490116,71.7000000178814,0.366666674613953
91800,0,0,0,0,22.5000000298023,31.5000000298023,13.0000000298023,0
91900,0,0,0,0,27,24,18,0
92000,0,0.333333343267441,0,0,2.83333334326744,56,2.83333334326744,0
92100,0,0,0.25,0.25,1.75,53,4.5,0.25
92200,0,0.333333343267441,0.5,0.5,2.33333334326744,32.8333333432674,15,0.5
92300,0,1.20000003278255,0.450000002980232,0.450000002980232,1.95000003278255,38.1666666865349,12.3333333432674,0.450000002980232
92400,0,2.83333340287209,0.666666686534882,0.666666686534882,1.33333337306976,55.3333333730698,18.1666666865349,0
92500,0,2.45000003278255,0.450000002980232,0.450000002980232,0.866666689515114,52.5000000298023,18.8333333432674,0.450000002980232
92600,0,0.566666677594185,0.566666677594185,0.566666677594185,0.16666667163372,9,88.5666666775942,0.566666677594185
92700,0,0,0,0,0,6.5,93.5,0
92800,0,1.07619050145149,1.07619050145149,1.07619050145149,0.476190492510796,5.64285714924335,89.5761905014515,1.07619050145149
92900,0,0.850000008940697,0.850000008940697,0.850000008940697,0,15.2000000029802,73.4000000059605,0.850000008940697
93000,0,0.450000002980232,0.450000002980232,0.450000002980232,0.200000002980232,59.5,27.5,0.450000002980232
93100,0,0,0,0,1.5,82,15.5,0
93200,0,0.16666667163372,0.16666667163372,0.16666667163372,2.66666667163372,76.1666666716337,15.5,0.16666667163372
93300,0,0,0,0,4.33333334326744,89.3333333432674,6.33333334326744,0
93400,0,0,0,0,1,90.5,8.5,0
93500,0,0,0,0,1.5,80.5,16,0
93600,0,0,0,0,0.5,84.5,13,0
93700,0,0,0,0,0,79.5,13.5,0
93800,0,0,0,0,1.83333334326744,47.3333333432674,34.8333333432674,0
93900,0,0,0,0,1.33333334326744,35.3333333432674,42.3333333432674,0
94000,0,0,0,0,0.666666686534882,33.1666666865349,44.1666666865349,0
94100,0,0,0,0,0,3,78,0
94200,0,0,0,0,0,19,60,0
94300,0,0.200000002980232,0.200000002980232,0,0,46.2000000029802,52.2000000029802,0.200000002980232
94400,0,0,0,0,0,29.5,41.5,0
94500,0,0,0,0,0,29,19,0
94600,0,0.200000002980232,0.200000002980232,0,0.200000002980232,14.5,27.7000000029802,0.200000002980232
94700,0,0,0,0,0,19.5,33.5,0
94800,0,0,0,0,0,25.5,25.5,0
94900,0,0,0,0,0.5,21,14.5,0
95000,0,0,0,0,0.5,4,33.5,0
95100,0,0,0,0,0,17.5,17.5,0
95200,0,0,0,0,0,40,37,0
95300,0,0,0,0,0.833333343267441,46.3333333432674,50.8333333432674,0
95400,0,0.309523820877075,0.309523820877075,0.309523820877075,0.309523820877075,51.6428571492434,42.8095238208771,0.309523820877075
95500,0,0.666666686534882,0.666666686534882,0.666666686534882,0.666666686534882,22,60.6666666865349,0.666666686534882
95600,0,0,0,0,2,38.5,20.5,0
95700,0,0,0,0,0,82.5,4.5,0
95800,0,0.200000002980232,0.200000002980232,0.200000002980232,0,60.7000000029802,12.5,0.200000002980232
95900,0,0.16666667163372,0.16666667163372,0.16666667163372,0.16666667163372,58.5,14.6666666716337,0.16666667163372
96000,0,1.48333334922791,1.48333334922791,1.48333334922791,0,48.2333333492279,11.8333333432674,1.48333334922791
96100,0,0.366666674613953,0.366666674613953,0.366666674613953,1,60.6666666716337,14.866666674614,0.366666674613953
96200,0,0,0,0,1.5,63,21.5,0
96300,0,0.16666667163372,0.16666667163372,0.16666667163372,0,72.6666666716337,1.66666667163372,0.16666667163372
96400,0,0,0,0,0.5,50,49.5,0
96500,0,0,0,0,0,15.5,84.5,0
96600,0,0.16666667163372,0.16666667163372,0.16666667163372,0,18.1666666716337,81.1666666716337,0.16666667163372
96700,0,0,0,0,0,53,47,0
96800,0,0,0,0,0,58,42,0
96900,0,0,0,0,0,53,47,0
97000,0,0.16666667163372,0.16666667163372,0.16666667163372,0,46.6666666716337,52.6666666716337,0.16666667163372
97100,0,0,0,0,0,44,56,0
97200,0,0.666666686534882,0.866666689515114,0.866666689515114,0,78.3666666895151,18.3666666895151,0.866666689515114
97300,0.333333343267441,0.333333343267441,1.46666669845581,1.46666669845581,0,79.9666666984558,14.9666666984558,1.46666669845581
97400,0,0.309523820877075,0.87619049847126,0.87619049847126,0.309523820877075,81.8761904984713,14.8761904984713,0.87619049847126
97500,3.88690489530563,0.41071429848671,2.67261914908886,2.67261914908886,2.67261914908886,42.5059525519609,42.5059525519609,2.67261914908886
97600,3.57738104462624,1.76785719394684,2.05357149243355,2.05357149243355,2.05357149243355,43.2202382385731,43.2202382385731,2.05357149243355
97700,2.88690485060215,0.267857149243355,1.86309529840946,1.86309529840946,1.86309529840946,44.6964287012815,44.6964287012815,1.86309529840946
97800,1.95833337306976,0.767857149243355,0.767857149243355,0.767857149243355,0.767857149243355,47.1011905223131,47.1011905223131,0.767857149243355
97900,1.7916667163372,0.125,0.125,0.125,0.125,48.7916667163372,48.7916667163372,0.125
98000,0.333333343267441,0,0,0,0,49.8333333432674,49.8333333432674,0
98100,0.458333343267441,0.125,0.125,0.125,0.125,49.4583333432674,49.4583333432674,0.125
98200,0.333333343267441,0.142857149243355,0.142857149243355,0.142857149243355,0.142857149243355,49.4761904925108,49.4761904925108,0.142857149243355
98300,0.125,0.29166667163372,0.29166667163372,0.29166667163372,0.29166667163372,49.2916666716337,49.2916666716337,0.125
98400,0,0,0,0,0,19,19,0
98500,0,0.200000002980232,0.200000002980232,0.200000002980232,0,18.2000000029802,18.2000000029802,0
98600,0,0,0,0,0,17.5,17.5,0
98700,0,0.566666677594185,0.566666677594185,0.566666677594185,0,50.5666666775942,6.36666667461395,0.366666674613953
98800,0,0.450000002980232,0.450000002980232,0.450000002980232,0,46.9500000029802,0.5,0.200000002980232
98900,0,4.06666672229767,4.06666672229767,4.06666672229767,0,11.1500000059605,5.40000000596046,0.25
99000,0,4.83333334326744,0,0,0,42.8333333432674,4.33333334326744,0
99100,0,10.7500000298023,0.25,0.25,0,31.5000000298023,11.0000000298023,0.25
99200,0.400000005960464,15.1833333522081,0.850000008940697,0.850000008940697,0.200000002980232,34.8333333432674,16.8333333432674,0.850000008940697
99300,0,6.20000010728836,1.20000001788139,1.20000001788139,6.20000010728836,20.6666667461395,2.33333334326744,1.20000001788139
99400,2.75,5.23333345353603,0.566666677594185,0.566666677594185,5.23333345353603,33.8333334475756,8.25,0.566666677594185
99500,0,4.23333340883255,0.400000005960464,0.400000005960464,4.23333340883255,33.0000000298023,28.3333333730698,0.400000005960464
99600,0,7.41666680574417,1.16666668653488,1.16666668653488,7.41666680574417,15.9166666865349,54.7500001043081,1.16666668653488
99700,0,3.17857150733471,1.09523813426495,1.09523813426495,3.17857150733471,19.1785714477301,71.1785715073347,1.09523813426495
99800,0,1.73809529840946,1.73809529840946,1.73809529840946,1.73809529840946,16.0714285969734,75.2380952984095,1.73809529840946
99900,0,0.61904764175415,0.61904764175415,0.61904764175415,0.28571429848671,48.6190476417542,48.6190476417542,0.61904764175415
100000,0,0.833333358168602,0.833333358168602,0.833333358168602,0,48.3333333581686,48.3333333581686,0.833333358168602
100100,0,0.676190495491028,1.62619049847126,1.62619049847126,0.142857149243355,77.1261904984713,17.176190495491,1.62619049847126
100200,0,1.30000002682209,4.45000004768372,4.45000004768372,0,63.4500000476837,21.9000000357628,4.45000004768372
100300,0,0.200000002980232,0.450000002980232,0.450000002980232,0,78.9500000029802,19.5,0.450000002980232
100400,0,0.200000002980232,0.200000002980232,0.200000002980232,0,78.2000000029802,21,0.200000002980232
100500,0,0.200000002980232,0.200000002980232,0.200000002980232,0,81.2000000029802,4,0.200000002980232
100600,0,0.366666674613953,0.566666677594185,0.566666677594185,0,77.0666666775942,2.86666667461395,0.566666677594185
100700,0,0.200000002980232,1.1000000089407,1.1000000089407,0,80.6000000089407,1.90000000596046,1.1000000089407
100800,0,0,0.25,0.25,0.5,85.75,0,0.25
100900,0,0,0,0,1,84.5,0.5,0
101000,0,0,0,0,1,89.5,0.5,0
101100,0,0.333333343267441,0.333333343267441,0.333333343267441,0.333333343267441,85.8333333432674,0.5,0.333333343267441
101200,0,0,0,0,0,93.5,0.5,0
101300,0,3.33333343267441,3.33333343267441,3.33333343267441,3.33333343267441,80.3333334326744,3,3.33333343267441
101400,0,3.06666669249535,3.06666669249535,3.06666669249535,0,55.8666666895151,7.86666667461395,3.06666669249535
101500,0,3.6833333671093,3.6833333671093,3.6833333671093,0.200000002980232,47.0333333611488,21.0333333462477,3.6833333671093
101600,0,1.20000000298023,1.20000000298023,1.20000000298023,0,45.2000000029802,43,1.20000000298023
101700,0,0.933333352208138,0.933333352208138,0.933333352208138,0,15.3333333432674,80.9333333522081,0.933333352208138
101800,0,0.366666674613953,0.366666674613953,0.366666674613953,0.16666667163372,18,80.366666674614,0.366666674613953
101900,0,0.866666689515114,0.866666689515114,0.866666689515114,0.16666667163372,19.0000000149012,77.3666666895151,0.866666689515114
102000,0,0.966666683554649,0.966666683554649,0.966666683554649,0,14.6666666716337,81.4666666835546,0.966666683554649
102100,0,1.23333336412907,1.23333336412907,1.23333336412907,0.16666667163372,22.6666666865349,72.2333333641291,1.23333336412907
102200,0,0.428571447730064,0.428571447730064,0.428571447730064,0.428571447730064,48.9285714477301,48.9285714477301,0.428571447730064
102300,0,0,0,0,0,1,0,0
102400,0,0,0,0,0,1,0,0
102500,0,0,0,0,0,0,0,0
102600,0,0,0,0,0,0,0,0
102700,0,0,0,0,0,0,1,0
102800,0,0,0,0,0,0,2,0
102900,0,0,0,0,0,0,2,0
103000,0,0,0,0,0,0,4,0
103100,0,0,0.5,0.5,3.25,0,72.25,0.5
103200,0,0,0,0,0,26.5,73.5,0
103300,0,0,0,0,0,16.5,82.5,0
103400,0,0,0,0,0,21.5,78.5,0
103500,0,0,0,0,0,31,69,0
103600,0,0,0,0,0,23.5,74.5,0
103700,0,0,0,0,0,17,82,0
103800,0,0,0,0,0,36,64,0
103900,0,0,0,0,0,18.5,81.5,0
104000,0,0,0,0,0,4.5,95.5,0
104100,0,0,0,0,0,8.5,91.5,0
104200,0,0,0,0,0,6.5,93.5,0
104300,0,0,0,0,0,9,90,0
104400,0,0,0,0,0,7,93,0
104500,0,0,0,0,0,26.5,73.5,0
104600,0,0,0,0,0,4.5,95.5,0
104700,0,0,0,0,0,70.5,29.5,0
104800,0,0.41666667163372,0.41666667163372,0.41666667163372,1.50000001490116,64.7500000149012,27.5000000149012,0
104900,0,0,0,0,0,87,10,0
105000,0,0,0,0,0,91.5,6.5,0
105100,0,0,0,0,0,93,5,0
105200,0,0,0,0,0,90.5,6.5,0
105300,0,0,0,0,0,84,16,0
105400,0,0,0,0,0,90.5,4.5,0
105500,0,0,0,0,0,84,4,0
105600,0,0,0,0,0,95.5,4.5,0
105700,0,2.16666674613953,2.16666674613953,2.16666674613953,2.16666674613953,87.6666667461395,1.50000004470348,2.16666674613953
105800,0,6.45238117873669,6.45238117873669,6.45238117873669,6.45238117873669,52.4523811787367,15.2857143878937,6.45238117873669
105900,0,2.89285722374916,0.976190507411957,0.976190507411957,2.89285722374916,85.8928572237492,5.39285714924335,0.976190507411957
106000,0,1.20000003278255,0.200000002980232,0.200000002980232,7.20000003278255,79.0000000298023,2,0.200000002980232
106100,0,0.666666686534882,0,0,2.16666668653488,94.6666666865349,1.5,0
106200,0,1.25000002980232,0,0,3.75000002980232,90.4166666865349,0.583333343267441,0
106300,0,0.333333343267441,0,0,3.33333334326744,92.8333333432674,3.5,0
106400,0,0.666666686534882,0,0,1.16666668653488,93.6666666865349,2.5,0
106500,0,1.33333337306976,0,0,3.83333337306976,92.8333333730698,0,0
106600,0,0,0,0,2,97,0,0
106700,0,1.20000003278255,0.200000002980232,0.200000002980232,11.2000000327826,49.0000000298023,3,0.200000002980232
106800,0,3.20000003278255,0.200000002980232,0.200000002980232,1.20000003278255,71.0000000298023,2,0.200000002980232
106900,0,0,0,0,0,3,1,0
107000,0,0,0,0,0,24,1,0
107100,0,0,0,0,0,25,2,0
107200,0,0,0,0,0,55,2,0
107300,0,0,0,0,0,52,3,0
107400,0,0,0,0,0,40,3,0
107500,0,0,0,0,0,57,1,0
107600,0,0,0,0,0,38,1,0
107700,0,0,0,0,1,89,3,0
107800,0,0,0,0,1,68,21,0
107900,0,0,0,0,4,76,2,0
108000,0,0,0,0,4,41,4,0
108100,0,0.650000005960464,0.650000005960464,0.650000005960464,26.5,63.6500000059605,1.5,0.400000005960464
108200,0,1.46666668355465,1.46666668355465,1.46666668355465,33.866666674614,53.9666666835546,0,0.766666680574417
108300,0,1.30000001192093,1.30000001192093,1.30000001192093,27.4000000059605,59.8000000119209,0.5,0.400000005960464
108400,0,0.559523820877075,0.559523820877075,0.559523820877075,32.8095238208771,62.5595238208771,0.642857149243355,0.309523820877075
108500,0,0.66666667163372,0.66666667163372,0.66666667163372,36.6666666716337,45.6666666716337,0.5,0.16666667163372
108600,0,0.25,0.25,0.25,38.5,45.75,1,0
108700,0,15.5238100886345,15.5238100886345,15.5238100886345,6.85714316368103,15.5238100886345,15.5238100886345,15.5238100886345
108800,0,14.2857149243355,14.2857149243355,14.2857149243355,14.2857149243355,14.2857149243355,14.2857149243355,14.2857149243355
108900,0,14.2857149243355,14.2857149243355,14.2857149243355,14.2857149243355,14.2857149243355,14.2857149243355,14.2857149243355
109000,0,14.2857149243355,14.2857149243355,14.2857149243355,14.2857149243355,14.2857149243355,14.2857149243355,14.2857149243355
109100,0,14.2857149243355,14.2857149243355,14.2857149243355,14.2857149243355,14.2857149243355,14.2857149243355,14.2857149243355
109200,0,15.88095292449,15.88095292449,15.88095292449,15.88095292449,15.88095292449,4.71428592503071,15.88095292449
109300,0,15.7142862677574,15.7142862677574,15.7142862677574,15.7142862677574,15.7142862677574,5.71428596973419,15.7142862677574
109400,0,18.5095241963863,18.5095241963863,18.5095241963863,18.5095241963863,18.5095241963863,7.30952402949333,0.142857149243355
109500,0,18.8333337008953,18.8333337008953,18.8333337008953,18.8333337008953,18.8333337008953,5.83333350718021,0
109600,0,1.15000000596046,1.15000000596046,1.15000000596046,20,20.1500000059605,3.40000000596046,0
109700,0,0,0,0,59,4,0,0
109800,0,0,0,0,54,1,0,0
109900,0,0,0,0,97,0,0,0
110000,0,0,0,0,95,0,0,0
110100,0,0,0,0,87,0,0,0
110200,0,0,0,0,87,0,0,0
110300,0,0,0,0,88,0,0,0
110400,0,0,0,0,96,0,0,0
110500,0,0,0,0,87,0,0,0
110600,0,0,0,0,90,0,5,0
110700,0,0,0,0,1,0,93,0
110800,0,0,0,0,0,0.5,96.5,0
110900,0,0,0,0,0,0.5,98.5,0
111000,0,0,0,0,0,0,97,0
111100,0,0,0,0,0,0,100,0
111200,0,0,0,0,0,0,100,0
111300,0,0,0,0,0,0,100,0
111400,0,0,0,0,0,50,50,0
111500,0,0,0,0,0,95.5,0.5,0
111600,0,0,0,0,18.5,69,0.5,0
111700,0,0,0,0,6.5,87.5,0,0
111800,0,0,0,0,8,87,0,0
111900,0,0,0,0,0,93,0,0
112000,0,0,0,0,1,99,0,0
112100,0,0,0,0,1,94,0,0
112200,0,0,0,0,14,82,2,0
112300,0,0,0,0,2,87.5,7.5,0
112400,0,0,0,0,0,96,4,0
112500,0,0,0,0,1,80,19,0
112600,0,0,0,0,1,72.5,26.5,0
112700,0,0,0,0,9,52,39,0
112800,0,0,0,0,21,19,57,0
112900,0,0,0,0,4,16,79,0
113000,0,0,0,0,10,18,68,0
113100,0,0,0,0,2,14.5,82.5,0
113200,0,0,0,0,42,7,27,0
113300,0,0,0,0,16,14,43,0
113400,0,0,0,0,10,9,49,0
113500,0,0,0,0,0,5.5,35.5,0
113600,0,0,0,0,0,22.5,14.5,0
113700,0,0,0,0,0,26,14,0
113800,0,0,0,0,0,52,11,0
113900,0,0,0,0,0,37,28,0
114000,0,0,0,0,0,16,79,0
114100,0,0,0,0,0,11.5,83.5,0
114200,0,0,0,0,0,9,86,0
114300,0,0,0,0,0,22,78,0
114400,0,0,0,0,0,10.5,89.5,0
114500,0,0,0,0,0.5,7.5,85,0
114600,0,0,0,0,17.5,8.5,67,0
114700,0,0,0,0,9.5,59,23.5,0
114800,0,0,0,0,1,59,28,0
114900,0,0,0,0,7,51.5,33.5,0
115000,0,0,0,0,5,15.5,78.5,0
115100,0,0,0,0,3,8.5,81.5,0
115200,0,0,0,0,5,56.5,31.5,0
115300,0,0,0,0,0,43,49,0
115400,0,0,0,0,1,38,56,0
115500,0,0,0,0,0,13,85,0
115600,0,0,0,0,5,23,57,0
115700,0,0,0,0,4,28,40,0
115800,0,0,0,0,15,33.5,8.5,0
115900,0,0,0,0,40,23,5,0
116000,0,0,0,0,30,4,22,0
116100,0,0,0,0,13,14,13,0
116200,0,0,0,0,6,2,4,0
116300,0,0,0,0,27.5,0,1.5,0
116400,0,0,0,0,1.5,1,9.5,0
116500,0,0,0,0,0.5,2.5,75,0
116600,0,0,0,0,0,3.5,90.5,0
116700,0,0,0,0,0,6.5,77.5,0
116800,0,0,0,0,0,0,98,0
116900,0,0,0,0,0,5,92,0
117000,0,0,0,0,0,0.5,99.5,0
117100,0,0,0,0,0,6,90,0
117200,0,0,0,0,0,8,92,0
117300,0,0,0,0,0,78,16,0
117400,0,0,0,0,0,73,14,0
117500,0,0,0,0,0,59,10,0
117600,0,0,0,0,0,45,10,0
117700,0,0,0,0,0,35,11,0
117800,0,0,0,0,0,28,9,0
117900,0,0,1,0,0,12,10,0
118000,0,0,0,0,0,5,28,0
118100,0,0,0,0,0,9,16,0
118200,0,0,0,0,0,7,24,0
118300,0,0,0,0,0,23,32,0
118400,0,0,0,0,0,16,43,0
118500,0,2,0,0,0,18,62,0
118600,0,0,0,0,0,18,52,0
118700,0,0,0,0,0,12,38,0
118800,0,0,0,0,0,26.5,20.5,0
118900,0,0.16666667163372,0.16666667163372,0.16666667163372,0.16666667163372,9.5,29.6666666716337,0.16666667163372
119000,0,0,0,0,0,16,16,0
119100,0,0.766666680574417,0.766666680574417,0.766666680574417,0.766666680574417,5,4.16666667163372,0.766666680574417
119200,0,0.200000002980232,0.200000002980232,0.200000002980232,0.200000002980232,11,5,0.200000002980232
119300,0,0.16666667163372,0.16666667163372,0.16666667163372,0.16666667163372,11.5,4.66666667163372,0.16666667163372
119400,0,0.200000002980232,0.200000002980232,0.200000002980232,0.200000002980232,40.5,4.5,0.200000002980232
119500,0,0.566666677594185,0.566666677594185,0.566666677594185,0.566666677594185,85,1.16666667163372,0.566666677594185
119600,0,0.28571429848671,0.28571429848671,0.28571429848671,0.28571429848671,85.7857142984867,3.78571429848671,0.28571429848671
119700,0,0,0,0,0,80.5,6.5,0
119800,0,0,0,0,0,83,17,0
119900,0,0,0,0,0,47,36,0
120000,0,0,0,0,0,76,14,0
120100,0,0,0,0,0,93,5,0
120200,0,0,0,0,0,95,2,0
120300,0,0,0,0,0,95,2,0
120400,0,0,0,0,0,89,6,0
120500,0,0,0,0,0,84,8,0
120600,0,0,0,0,0,10,0,0
120700,0,0,0,0,0,39,1,0
120800,0,0,0,0,0,84,2,0
120900,0,0.333333343267441,0,0.333333343267441,1,53.8333333432674,1.5,0
121000,0,3.43333339691162,84.4333333969116,3.43333339691162,1.26666668057442,1.16666667163372,6.26666668057442,0
121100,0,0.25,89.75,0.25,0.25,2.5,5,0
121200,0,0,0,1,0,12,83,0
121300,0,0,0,0,0,3,91,0
121400,0,0,0,0,0,6.5,84.5,0
121500,0,0,0,0,0,12,82,0
121600,0,0,21.5,0,0,23.5,52,0
121700,0,0,0,0,0,18,50,0
121800,0,0,0,0,0,53.5,18.5,0
121900,0,0,0,0,0,51,0,0
122000,0,0,0,0,0,28.5,0.5,0
122100,0,0,0,0,0,44.5,0.5,0
122200,0,0,0,0,0,47,16,0
122300,0,0,0,0,2,52.5,14.5,0
122400,0,0,0,0,2,15,19,0
122500,0,0,0,0,8.5,27.5,43,0
122600,0,0,0,0,19.5,7.5,52,0
122700,0,0,0,0,0,8,58,0
122800,0,0,0,0,0,7.5,67.5,0
122900,0,0,0,0,0,10.5,52.5,0
123000,0,0,0,0,0,21.5,21.5,0
123100,0,0,0,0,0,15,15,0
123200,0,0,0,0,0,18.5,81.5,0
123300,0,0,0,0,0,21.5,78.5,0
123400,0,0,0,0,0,16,84,0
123500,0,0,0,0,0,17,83,0
123600,0,0,0,0,0,17,83,0
123700,0,0,0,0,0.333333343267441,15.8333333432674,83.8333333432674,0
123800,0,0.142857149243355,0.142857149243355,0.142857149243355,0.476190492510796,18.4761904925108,80.4761904925108,0.142857149243355
123900,0,0,0,0,0.333333343267441,19.3333333432674,80.3333333432674,0
124000,0,0.16666667163372,0.16666667163372,0.16666667163372,0,49.6666666716337,49.6666666716337,0.16666667163372
124100,0,0,0,0,0.333333343267441,16.3333333432674,16.3333333432674,0
124200,0,0,0,0,0,20.5,20.5,0
124300,0,0,0,0,0,2.5,83.5,0
124400,0,0,0,0,0,1.5,88.5,0
124500,0,0,0,0,0,1,90,0
124600,0,0,0,0,0,1,90,0
124700,0,0,0,0,0,7,71,0
124800,0,0,0,0,0,13,66,0
124900,0,0,0,0,0,13,79,0
125000,0,0,0,0,0.333333343267441,19.3333333432674,62.3333333432674,0
125100,0,0.142857149243355,0.142857149243355,0.142857149243355,1.64285714924335,31.1428571492434,11.6428571492434,0.142857149243355
125200,0,0,0,0,0,37.5,0.5,0
125300,0,0,0,0,0,28,14,0
125400,0,0,0,0,0,29.5,9.5,0
125500,0,0,0,0,0,23.5,18.5,0
125600,0,0,0,0,0,5,46,0
125700,0,0,0,0,0,9,7,0
125800,0,0,0,0,0,0,25,0
125900,0,0,0,0,0,0,43,0
126000,0,0,0,0,0,0,21,0
126100,0,0,0,0,2,0,20,0
126200,0,0,0,0,0.5,0.5,30,0
126300,0,0,0,0,0,0,15,0
126400,0,0,0,0,0,2,8,0
126500,0,0,0,0,1,17.5,22.5,0
126600,0,0,0,0,15.3333333432674,22.3333333432674,7.33333334326744,0
126700,0,0.400000005960464,0.400000005960464,0.400000005960464,6.40000000596046,29,7,0.400000005960464
126800,0,1.60000002384186,1.60000002384186,1.60000002384186,28.6000000238419,44.5,2.5,1.60000002384186
126900,0,1.9333333671093,1.9333333671093,1.9333333671093,1.9333333671093,68.3333333432674,0,1.9333333671093
127000,0,2.20952385663986,2.20952385663986,2.20952385663986,26.8761905431747,56.9761905223131,1.30952383577824,2.20952385663986
127100,0,1.00000002980232,1.00000002980232,1.00000002980232,4.33333337306976,89.8333333730698,1.83333334326744,1.00000002980232
127200,0,0.16666667163372,0.566666677594185,0.566666677594185,9.23333336412907,81.7333333641291,2.16666668653488,0.566666677594185
127300,0,0.25,0,0,10.5833333432674,72.0833333432674,12.0833333432674,0
127400,0,0.500000014901161,0.366666674613953,0.366666674613953,7.86666670441628,78.666666701436,9.86666668951511,0.366666674613953
127500,0,0.333333343267441,0,0,7.83333334326744,78,11.8333333432674,0
127600,0,0,0,0,4.66666668653488,86.6666666865349,8.66666668653488,0
127700,0,0,0,0,2,91,5,0
127800,0,0,0,0,0.333333343267441,69.8333333432674,15.8333333432674,0
127900,0,0,0,0,0,81.5,6.5,0
128000,0,0,0,0,0,18,0,0
128100,0,0,0,0,0,14.5,0.5,0
128200,0,0,0,0,0,20,0,0
128300,0,0,0,0,0,16.5,0.5,0
128400,0,0.200000002980232,0.200000002980232,0.200000002980232,0.200000002980232,0.5,0.5,0.200000002980232
128500,0,0,0,0,0,4,0,0
128600,0,0.16666667163372,0.16666667163372,0.16666667163372,0.16666667163372,8.16666667163372,0,0.16666667163372
128700,0,0.25,0,0.25,0.25,7.25,0,0
128800,0,0.142857149243355,0.142857149243355,0.142857149243355,0.142857149243355,29.6428571492434,3.64285714924335,0.142857149243355
128900,0,0.75,0,0.75,0.75,14.25,0.5,0
129000,0,0.142857149243355,0.142857149243355,0.142857149243355,0.142857149243355,8.14285714924335,0.142857149243355,0.142857149243355
129100,0,0.392857149243355,0.142857149243355,0.392857149243355,0.392857149243355,5.39285714924335,0.142857149243355,0.142857149243355
129200,0,2.94523814320564,1.09523813426495,2.94523814320564,2.94523814320564,2.94523814320564,1.02857145667076,1.09523813426495
129300,0,1.25714290142059,0.857142895460129,1.25714290142059,1.25714290142059,1.25714290142059,1.25714290142059,0.857142895460129
129400,0,0.485714301466942,0.28571429848671,0.485714301466942,0.485714301466942,2.98571430146694,2.98571430146694,0.28571429848671
129500,0,0,0.566666677594185,0.566666677594185,0.566666677594185,0.66666667163372,12.0666666775942,0.566666677594185
129600,0,0,0,0,0,0,4,0
129700,0,0,0.25,0.25,0.25,4.5,1.5,0.25
129800,0,0,0.583333343267441,0.583333343267441,0,4.25,0,0.583333343267441
129900,0,0.25,0.583333343267441,0.583333343267441,0,5,1,0.583333343267441
130000,0,0,0,0,0,10,5,0
130100,0,0,0,0,0,32,18,0
130200,0,0,0,0,1,41.5,11.5,0
130300,0,0,0,0,0.5,46.5,6,0
130400,0,0,0,0,2.5,56.5,11,0
130500,0,0,0,0,1.5,31.5,39,0
130600,0,0,0,0,0.5,5.5,58,0
130700,0,0,0,0,0,47,21,0
130800,0,0,0,0,0,72,2,0
130900,0,0,0,0,0,28,1,0
131000,0,0,0,0,0,7,0,0
131100,0,0,0,0,0,75,22,0
131200,0,0,0,0,0,80,18,0
131300,0,0,0,0,0,77,22,0
131400,0,0,0,0,0,83,12,0
131500,0,0,0,0,0,94,4,0
131600,0,0,0,0,0,72,28,0
131700,0,0,0,0,0,58,41,0
131800,0,0,0,0,0,83.5,4.5,0
131900,0,0.200000002980232,0.200000002980232,0.200000002980232,0.200000002980232,81.5,4.5,0.200000002980232
132000,0,0,0,0,0,82.5,4.5,0
132100,0,0.25,0.25,0.25,0,84.5,1.5,0.25
132200,0,0,0,0,0,39.5,5.5,0
132300,0,0.75,0.75,0.75,0,13,6,0.75
132400,0,1.01666668057442,1.01666668057442,1.01666668057442,0,10.6666666716337,10.2666666805744,1.01666668057442
132500,0,0.400000005960464,0.400000005960464,0.400000005960464,0,5,6.40000000596046,0.400000005960464
132600,0,0,0,0,0,22.5,30.5,0
132700,0,0,0,0,0,13.5,45.5,0
132800,0,0,0,0,0,22,8,0
132900,0,0,0,0,0,9,28,0
133000,0,0,0,0,0,43,25,0
133100,0,0,0,0,0,46,30,0
133200,0,0,0,0,0,45,17,0
133300,0,0,0,0,0,19,26,0
133400,0,0,0,0,0,9,10,0
133500,0,0,0,0,0,13,15,0
133600,0,0,0,0,0,12.5,35.5,0
133700,0,0,0,0,0,21,16,0
133800,0,0,0,0,0,10,26,0
133900,0,0,0,0,0,14,33,0
134000,0,0,0,0,0,20,35,0
134100,0,0,0,0,0,47,39,0
134200,0,0,0,0,0,49,41,0
134300,0,0,0,0,0,3,97,0
134400,0,0,0,0,0,3,96,0
134500,0,0,0,0,0,2.5,97.5,0
134600,0,0,0,0,0,2,96,0
134700,0,0,0,0,0,6,89,0
134800,0,0,0,0,0,6,80,0
134900,0,0,0,0,0,2,95,0
135000,0,0,0,0,0,1,87,0
135100,0,0,0,0,0,6,29,0
135200,0,0,0,0,0.5,4,7.5,0
135300,0,0,0,0,1,7,11,0
135400,0,0,0,0,0,12,16,0
135500,0,0,0,0,6.5,4,30.5,0
135600,0,0,0,0,2,42,26,0
135700,0,0,0,0,5,31.5,11.5,0
135800,0,0,0,0,0,38.5,32.5,0
135900,0,0,0,0,0,22.5,60.5,0
136000,0,0,0,0,0,15,76,0
136100,0,0,0,0,1,27,62,0
136200,0,0,0,0,3,46,44,0
136300,0,0,0,0,0,45.5,46.5,0
136400,0,0,0,0,1,9.5,88.5,0
136500,0,0,0,0,1,17.5,81.5,0
136600,0,0,0,0,3,23.5,71.5,0
136700,0,0,0,0,1,65.5,29.5,0
136800,0,0,0,0,1,44,53,0
136900,0,0,0,0,2,28,67,0
137000,0,0,0,0,0,7,93,0
137100,0,0,0,0,0,13,87,0
137200,0,0,0,0,0,23,76,0
137300,0,0,0,0,0,7,87,0
137400,0,0,0,0,0,9,88,0
137500,0,0,0,0,0,13.5,77.5,0
137600,0,0,0,0,0,29,8,0
137700,0,0,0,0,0,22,16,0
137800,0,0,0,0,0,26,18,0
137900,0,0,0,0,0,19.5,14.5,0
138000,0,0,0,0,0,7,42,0
138100,0,0,0,0,4,7,43,0
138200,0,0,0,0,4,10,41,0
138300,0,0,0,0,7,2.5,52.5,0
138400,0,0,0,0,5.5,19,72.5,0
138500,0,0,0,0,3.5,15,77.5,0
138600,0,0,0,0,4,10.5,83.5,0
138700,0,0,0,0,19.5,17,57.5,0
138800,0,0,0,0,7.5,53.5,39,0
138900,0,0,0,0,0,76.5,23.5,0
139000,0,0,0,0,0,86,14,0
139100,0,0,0,0,0,98,2,0
139200,0,0,0,0,0,92,8,0
139300,0,0,0,0,0,99,0,0
139400,0,0,0,0,0,100,0,0
139500,0,0,0,0,0,100,0,0
139600,0,0,0,0,0,100,0,0
139700,0,0,0,0,0,99,0,0
139800,0,0,0,0,1,98,0,0
139900,0,0,0,0,0,95,0,0
140000,0,0,0,0,0,91,1,0
140100,0,0,0,0,0.333333343267441,49.8333333432674,49.8333333432674,0
140200,0,0,0,0,0,0,100,0
140300,0,0,0,0,0.5,0,99.5,0
140400,0,0,0,0,4,0,95,0
140500,0,0,0,0,9,0,90,0
140600,0,0,0,0,12,0,87,0
140700,0,0,0,0,0,0,100,0
140800,0,0,0,0,25,0,61,0
140900,0,0,0,0,47,0,25,0
141000,0,0,0,0,84,0,0,0
141100,0,0,0,0,76,0,0,0
141200,0,0,0,0,55,0,0,0
141300,0,0,0,0,56,0,0,0
141400,0,0,0,0,60,0,0,0
141500,0,0,0,0,97,0,0,0
141600,0,0,0,0,96,2,0,0
141700,0,0,0,0,96,1,0,0
141800,0,15.7857148349285,15.7857148349285,15.7857148349285,15.7857148349285,15.7857148349285,5.28571452200413,15.7857148349285
141900,0,15.6666672229767,15.6666672229767,15.6666672229767,15.6666672229767,15.6666672229767,6.0000002682209,15.6666672229767
142000,0,15.8095243573189,15.8095243573189,15.8095243573189,15.8095243573189,15.8095243573189,5.14285737276077,15.8095243573189
142100,0,15.7380957901478,15.7380957901478,15.7380957901478,15.7380957901478,15.7380957901478,5.57142882049084,15.7380957901478
142200,0,15.7857148349285,15.7857148349285,15.7857148349285,15.7857148349285,15.7857148349285,5.28571452200413,15.7857148349285
142300,0,15.7380957901478,15.7380957901478,15.7380957901478,15.7380957901478,15.7380957901478,5.57142882049084,15.7380957901478
142400,0,14.2857149243355,14.2857149243355,14.2857149243355,14.2857149243355,14.2857149243355,14.2857149243355,14.2857149243355
142500,0,14.2857149243355,14.2857149243355,14.2857149243355,14.2857149243355,14.2857149243355,14.2857149243355,14.2857149243355
142600,0,14.2857149243355,14.2857149243355,14.2857149243355,14.2857149243355,14.2857149243355,14.2857149243355,14.2857149243355
142700,0,14.2857149243355,14.2857149243355,14.2857149243355,14.2857149243355,14.2857149243355,14.2857149243355,14.2857149243355
142800,0,6.14285741746426,6.14285741746426,6.14285741746426,25.1428579837084,25.1428579837084,25.1428579837084,6.14285741746426
142900,0,0.16666667163372,0.16666667163372,0.16666667163372,84.0000000149012,15.0000000149012,0.333333343267441,0.16666667163372
143000,0,0.333333343267441,0.333333343267441,0.333333343267441,74.5000000298023,23.5000000298023,0.666666686534882,0.333333343267441
143100,0,0.333333343267441,0.333333343267441,0.333333343267441,79.6666666865349,18.6666666865349,0.333333343267441,0.333333343267441
143200,0,0.500000014901161,0.500000014901161,0.500000014901161,79.3333333581686,18.3333333581686,0.333333343267441,0.500000014901161
143300,0,0.16666667163372,0.16666667163372,0.16666667163372,81.6666666716337,17.6666666716337,0,0.16666667163372
143400,0,0,0,0,81.5000000298023,17.5000000298023,1.00000002980232,0
143500,0,0,0,0,20,77,0,0
143600,0,0,0,0,13,79,0,0
143700,0,0,0,0,0,99.5,0.5,0
143800,0,0,0,0,0,100,0,0
143900,0,0,0,0,2,70,0,0
144000,0,0,0,0,1,89,0,0
144100,0,0,0,0,0,78,0,0
144200,0,0,0,0,0,76,0,0
144300,0,0,0,0,5,53,2,0
144400,0,0,0,0,11,65,0,0
144500,0,0,0,0,6,49,1,0
